data;rio;nivel_metro;chuva_mm;vazao_m3s
01/01/2024;Rio Negro;8.8;19.5;1581.05
02/01/2024;Rio Negro;7.62;45.3;1230.47
03/01/2024;Rio Negro;5.68;0;4480.5
04/01/2024;Rio Negro;9.59;38;1503.02
05/01/2024;Rio Negro;5.11;47.6;4757.87
06/01/2024;Rio Negro;4.29;3.5;2967.23
07/01/2024;Rio Negro;5.11;18.1;2934.42
08/01/2024;Rio Negro;5.03;1.2;2153.27
09/01/2024;Rio Negro;9.35;27.4;2096.1
10/01/2024;Rio Negro;4.19;32.7;1609.92
11/01/2024;Rio Negro;6.11;1.1;2949.78
12/01/2024;Rio Negro;7.51;40.9;4569.02
13/01/2024;Rio Negro;9.07;44.3;4234.19
14/01/2024;Rio Negro;4.29;27.8;1525.68
15/01/2024;Rio Negro;5.78;14.3;3610.85
16/01/2024;Rio Negro;8.62;1.2;1171.06
17/01/2024;Rio Negro;8.93;38.3;3204.11
18/01/2024;Rio Negro;9.92;36.7;2194
19/01/2024;Rio Negro;5.13;31.3;2882.42
20/01/2024;Rio Negro;5.93;42.2;2040.56
21/01/2024;Rio Negro;6.06;39.9;4009.8
22/01/2024;Rio Negro;9.41;16.2;2669.23
23/01/2024;Rio Negro;9.35;23.6;4877.79
24/01/2024;Rio Negro;8.79;38.6;1576.01
25/01/2024;Rio Negro;9.42;10.9;3671.63
26/01/2024;Rio Negro;4.61;7.1;4902.36
27/01/2024;Rio Negro;6.78;7.2;2960.92
28/01/2024;Rio Negro;9.97;48;2725.67
29/01/2024;Rio Negro;5.99;46.5;4318.27
30/01/2024;Rio Negro;7.75;33.4;1985.34
31/01/2024;Rio Negro;9.22;25.6;1540.15
01/02/2024;Rio Negro;4.05;21.2;4556.47
02/02/2024;Rio Negro;9.53;24.6;4231.9
03/02/2024;Rio Negro;4.23;39.3;2591.67
04/02/2024;Rio Negro;5.62;42;3645.26
05/02/2024;Rio Negro;9.57;43.8;4963.35
06/02/2024;Rio Negro;9.98;10.2;2126.95
07/02/2024;Rio Negro;5.94;23.9;1733.57
08/02/2024;Rio Negro;7.6;6;4682.92
09/02/2024;Rio Negro;8.93;42.9;1080.72
10/02/2024;Rio Negro;5.46;29.9;1487.83
11/02/2024;Rio Negro;4.42;11.6;4593.96
12/02/2024;Rio Negro;9.09;27.9;4963.34
13/02/2024;Rio Negro;4.8;0.8;3015.7
14/02/2024;Rio Negro;8.82;16.1;2642.03
15/02/2024;Rio Negro;9.93;26.9;2490.41
16/02/2024;Rio Negro;4.54;41.2;1146.78
17/02/2024;Rio Negro;8.5;48.4;3506.24
18/02/2024;Rio Negro;9.54;22;4806.91
19/02/2024;Rio Negro;5.39;14.6;1321.6
20/02/2024;Rio Negro;4.14;12.8;1298.06
21/02/2024;Rio Negro;7.69;21.4;3958.61
22/02/2024;Rio Negro;7.79;38;4138.24
23/02/2024;Rio Negro;6.96;22.5;1836.57
24/02/2024;Rio Negro;4.67;35.4;3932.96
25/02/2024;Rio Negro;9.86;47.8;1776.48
26/02/2024;Rio Negro;9.44;28.5;3722.6
27/02/2024;Rio Negro;6.56;31.6;2212.08
28/02/2024;Rio Negro;6.54;35.6;4472.21
29/02/2024;Rio Negro;8.6;15.2;2974.66
01/03/2024;Rio Negro;4.2;34;1797.78
02/03/2024;Rio Negro;5.16;11.9;4237.73
03/03/2024;Rio Negro;9.89;24.1;4723.35
04/03/2024;Rio Negro;6.75;29;3788.99
05/03/2024;Rio Negro;9.17;8.5;4808.28
06/03/2024;Rio Negro;6.47;44.6;3164.96
07/03/2024;Rio Negro;6.45;39.3;2006.63
08/03/2024;Rio Negro;7.56;15.4;3886.94
09/03/2024;Rio Negro;9.99;19.5;1041.95
10/03/2024;Rio Negro;4.24;42;1602.02
11/03/2024;Rio Negro;6.02;14.7;3848.24
12/03/2024;Rio Negro;5.67;47.1;3837.41
13/03/2024;Rio Negro;6.46;26.5;4325.22
14/03/2024;Rio Negro;5.43;7.4;1276.85
15/03/2024;Rio Negro;6.46;29.8;1585.36
16/03/2024;Rio Negro;8.01;42.3;1033.64
17/03/2024;Rio Negro;6.44;38.3;4141.54
18/03/2024;Rio Negro;5.68;33.9;4154.19
19/03/2024;Rio Negro;4.11;0.7;1247.95
20/03/2024;Rio Negro;7;37.3;4153.4
21/03/2024;Rio Negro;4.78;19.9;1816.47
22/03/2024;Rio Negro;7.53;33.3;3008.42
23/03/2024;Rio Negro;8.19;47.8;4448.95
24/03/2024;Rio Negro;5.73;2.6;1381.09
25/03/2024;Rio Negro;9.09;15.6;4620.2
26/03/2024;Rio Negro;4.14;45;1230.67
27/03/2024;Rio Negro;7.63;41.1;1917.74
28/03/2024;Rio Negro;8.78;24.8;1278.85
29/03/2024;Rio Negro;4.83;2.5;3032.2
30/03/2024;Rio Negro;8.16;32.8;3247.83
31/03/2024;Rio Negro;8.32;34.6;2876.93
01/04/2024;Rio Negro;6.11;46.5;3000.59
02/04/2024;Rio Negro;8.59;14.5;4475.46
03/04/2024;Rio Negro;5.76;36.5;4702.67
04/04/2024;Rio Negro;5.48;21.7;4689.03
05/04/2024;Rio Negro;4.52;30.9;3976.07
06/04/2024;Rio Negro;9.52;25.2;3758.99
07/04/2024;Rio Negro;7.39;30;4639.37
08/04/2024;Rio Negro;5.17;26.6;2301.1
09/04/2024;Rio Negro;6.61;27.3;4025.4
10/04/2024;Rio Negro;7.22;9.6;2482.87
11/04/2024;Rio Negro;4.81;31.6;2398.26
12/04/2024;Rio Negro;7.35;15.2;4328.68
13/04/2024;Rio Negro;7.89;37.9;4794.62
14/04/2024;Rio Negro;6.26;0.4;1896.68
15/04/2024;Rio Negro;7.14;20.3;1361.84
16/04/2024;Rio Negro;8.37;30.1;3395.82
17/04/2024;Rio Negro;5.19;32.1;2329.69
18/04/2024;Rio Negro;9.37;23.4;3152.44
19/04/2024;Rio Negro;8.1;24.6;4555.14
20/04/2024;Rio Negro;9.63;11.6;4324.44
21/04/2024;Rio Negro;6.38;34.2;1908.48
22/04/2024;Rio Negro;9.77;35.9;4861.98
23/04/2024;Rio Negro;6.26;49.4;1616.48
24/04/2024;Rio Negro;7.48;0.1;1461.83
25/04/2024;Rio Negro;9.28;23.5;4222.78
26/04/2024;Rio Negro;8.87;39.7;2123.38
27/04/2024;Rio Negro;8.45;12.8;1520.39
28/04/2024;Rio Negro;5.87;46;2429.06
29/04/2024;Rio Negro;9.99;25.6;3327.05
30/04/2024;Rio Negro;9.32;13.2;1467.44
01/05/2024;Rio Negro;4.22;20.4;1508.99
02/05/2024;Rio Negro;5.17;33.9;2606.04
03/05/2024;Rio Negro;8.64;47.4;2934.84
04/05/2024;Rio Negro;4.87;42.4;2631.77
05/05/2024;Rio Negro;6.27;0.8;3254.11
06/05/2024;Rio Negro;8.59;5.2;2808.12
07/05/2024;Rio Negro;8.01;24.3;2575.75
08/05/2024;Rio Negro;7.54;1.8;3572.45
09/05/2024;Rio Negro;4.58;41.5;3466.79
10/05/2024;Rio Negro;4.68;15.6;2510.09
11/05/2024;Rio Negro;7.48;35.8;3578.74
12/05/2024;Rio Negro;9.83;48.1;3349.24
13/05/2024;Rio Negro;7.6;29.8;2401.63
14/05/2024;Rio Negro;8.81;31.8;2894.82
15/05/2024;Rio Negro;4.21;10.1;2843.82
16/05/2024;Rio Negro;8;14.3;2070.09
17/05/2024;Rio Negro;5.02;4.4;4938.68
18/05/2024;Rio Negro;4.9;32.5;3912.79
19/05/2024;Rio Negro;7.43;21.5;2055.92
20/05/2024;Rio Negro;7.03;6.4;4776.78
21/05/2024;Rio Negro;4.31;14.6;4081.13
22/05/2024;Rio Negro;9.15;38.9;2958.29
23/05/2024;Rio Negro;4.36;5.7;3544.91
24/05/2024;Rio Negro;8.96;11.4;3690.6
25/05/2024;Rio Negro;8.49;38.8;3141.4
26/05/2024;Rio Negro;6.06;42.3;3920.27
27/05/2024;Rio Negro;6.5;2.7;3827.95
28/05/2024;Rio Negro;4.2;5.3;4555.73
29/05/2024;Rio Negro;6.44;42.7;1603.43
30/05/2024;Rio Negro;8.64;12.7;1479.41
31/05/2024;Rio Negro;6.26;0.4;2811.87
01/06/2024;Rio Negro;9.42;35.5;4435.72
02/06/2024;Rio Negro;9.27;23.2;2194.65
03/06/2024;Rio Negro;4.76;28.4;2048.88
04/06/2024;Rio Negro;6.35;42.4;1261.75
05/06/2024;Rio Negro;8.25;14.5;2895.85
06/06/2024;Rio Negro;6.92;27.3;4905.5
07/06/2024;Rio Negro;7.95;7.3;3879.86
08/06/2024;Rio Negro;9.11;1.7;3024.38
09/06/2024;Rio Negro;8.36;34.9;2312.56
10/06/2024;Rio Negro;8.42;5.2;4491.52
11/06/2024;Rio Negro;9.77;8.8;4338.43
12/06/2024;Rio Negro;9.46;15.9;2612.91
13/06/2024;Rio Negro;6.36;9.2;1337.7
14/06/2024;Rio Negro;6.57;27.8;2803.07
15/06/2024;Rio Negro;8.76;45.2;4119.19
16/06/2024;Rio Negro;9.39;27.6;1754
17/06/2024;Rio Negro;4.56;36.3;4013.95
18/06/2024;Rio Negro;5.53;1.1;3876.45
19/06/2024;Rio Negro;6.24;32.7;1427.96
20/06/2024;Rio Negro;8.88;1.1;2637.91
21/06/2024;Rio Negro;9.07;43.4;3748.59
22/06/2024;Rio Negro;5.44;46.1;4121.99
23/06/2024;Rio Negro;6.04;48.5;3282.35
24/06/2024;Rio Negro;6.79;38.4;1393.77
25/06/2024;Rio Negro;6.49;34.6;2378.77
26/06/2024;Rio Negro;6.75;5.9;2622.21
27/06/2024;Rio Negro;8.14;28.5;1550.13
28/06/2024;Rio Negro;9.1;1.5;3938.04
29/06/2024;Rio Negro;7.09;45.4;1263.45
30/06/2024;Rio Negro;9.25;44.9;1267.07
01/07/2024;Rio Negro;4.46;28;3186.34
02/07/2024;Rio Negro;6.21;35.1;4646.9
03/07/2024;Rio Negro;5.85;13.1;3031.39
04/07/2024;Rio Negro;4.59;19.7;2612.85
05/07/2024;Rio Negro;9.72;32.4;4081.76
06/07/2024;Rio Negro;4.86;6.7;3181.81
07/07/2024;Rio Negro;6.16;0.4;4896.25
08/07/2024;Rio Negro;9.87;48.2;3870.76
09/07/2024;Rio Negro;6.29;20.1;4272.42
10/07/2024;Rio Negro;4.29;11.5;2029.12
11/07/2024;Rio Negro;7.36;34.5;1628.73
12/07/2024;Rio Negro;8.02;10.1;1076.81
13/07/2024;Rio Negro;5.32;12;3283.65
14/07/2024;Rio Negro;5.23;7.8;1220.76
15/07/2024;Rio Negro;7.24;24.9;3095.78
16/07/2024;Rio Negro;7.88;26.2;2796.31
17/07/2024;Rio Negro;4.85;37.5;1420.94
18/07/2024;Rio Negro;8.57;19.3;3464.44
19/07/2024;Rio Negro;4.38;37.8;1054.46
20/07/2024;Rio Negro;6.99;0.8;1000.8
21/07/2024;Rio Negro;4.43;41.6;2278.5
22/07/2024;Rio Negro;5.96;6;1428.64
23/07/2024;Rio Negro;5.64;2.9;3282.85
24/07/2024;Rio Negro;6.37;23.7;1765.12
25/07/2024;Rio Negro;5.08;23.8;4455.62
26/07/2024;Rio Negro;8.49;4.9;1070.76
27/07/2024;Rio Negro;6.25;22.3;1732.18
28/07/2024;Rio Negro;6.51;45.5;2814.87
29/07/2024;Rio Negro;9.85;26.4;4380.56
30/07/2024;Rio Negro;7.96;33.9;2869.06
31/07/2024;Rio Negro;7.65;6.5;4471.39
01/08/2024;Rio Negro;6.51;36.6;2915.43
02/08/2024;Rio Negro;7.44;37.5;4554.77
03/08/2024;Rio Negro;9.88;29.2;1859.64
04/08/2024;Rio Negro;5.14;43.4;1747.09
05/08/2024;Rio Negro;5.01;33;1582.93
06/08/2024;Rio Negro;7.06;14.6;1415.92
07/08/2024;Rio Negro;6.51;27.3;4562.6
08/08/2024;Rio Negro;6.04;44.4;3349.67
09/08/2024;Rio Negro;5.7;21.4;4730.81
10/08/2024;Rio Negro;4.25;44.1;3735.84
11/08/2024;Rio Negro;9.79;41.9;1763.06
12/08/2024;Rio Negro;6.59;42.4;1569.79
13/08/2024;Rio Negro;9.39;40.8;3318.9
14/08/2024;Rio Negro;9.58;48.7;4289.06
15/08/2024;Rio Negro;7.04;25.5;3817.39
16/08/2024;Rio Negro;4.79;17.1;1038.06
17/08/2024;Rio Negro;4.77;26.3;2355.76
18/08/2024;Rio Negro;6.67;0.9;3927.63
19/08/2024;Rio Negro;7.4;7.2;3366.63
20/08/2024;Rio Negro;7.83;5.3;4194.76
21/08/2024;Rio Negro;4;49.1;3829.2
22/08/2024;Rio Negro;7.03;21;2889.52
23/08/2024;Rio Negro;8.65;2.2;2450.96
24/08/2024;Rio Negro;4.96;43.5;3159.22
25/08/2024;Rio Negro;9.72;23;1238.1
26/08/2024;Rio Negro;6.36;47.7;2146.51
27/08/2024;Rio Negro;5.31;42.8;1655.62
28/08/2024;Rio Negro;6.86;8.9;1432.12
29/08/2024;Rio Negro;5.54;3;3868
30/08/2024;Rio Negro;6.99;31.9;3583.49
31/08/2024;Rio Negro;6.37;18.1;1564.86
01/09/2024;Rio Negro;4.19;4.4;1268.03
02/09/2024;Rio Negro;4.02;44.1;2250.13
03/09/2024;Rio Negro;8.68;49.3;1399.62
04/09/2024;Rio Negro;9.25;5.8;2729.56
05/09/2024;Rio Negro;9.07;39.5;4368.94
06/09/2024;Rio Negro;6.31;10.1;1925.92
07/09/2024;Rio Negro;8.72;33.9;4795.57
08/09/2024;Rio Negro;8.18;48.7;3747.23
09/09/2024;Rio Negro;7;37.9;2784.75
10/09/2024;Rio Negro;6.84;39.7;3459.36
11/09/2024;Rio Negro;5.01;44.4;3961.46
12/09/2024;Rio Negro;4.86;13.4;1374.16
13/09/2024;Rio Negro;8.26;22.6;4629.11
14/09/2024;Rio Negro;8.53;35.8;4328.37
15/09/2024;Rio Negro;7.97;17.9;4516.84
16/09/2024;Rio Negro;8.45;44.6;2940.08
17/09/2024;Rio Negro;6.88;37.4;2844.09
18/09/2024;Rio Negro;6.91;16.9;1718.87
19/09/2024;Rio Negro;8.46;34.9;2771.99
20/09/2024;Rio Negro;8.4;15.8;1071.2
21/09/2024;Rio Negro;8.11;4.4;3464.29
22/09/2024;Rio Negro;8.68;49.5;4353.74
23/09/2024;Rio Negro;9.84;11.2;1006.2
24/09/2024;Rio Negro;4.01;2.2;2692.03
25/09/2024;Rio Negro;4.08;40.7;1975.27
26/09/2024;Rio Negro;4.49;14.6;2932.67
27/09/2024;Rio Negro;4.62;2.3;1401.21
28/09/2024;Rio Negro;5.51;41.8;1001.66
29/09/2024;Rio Negro;5.72;27.2;1476.9
30/09/2024;Rio Negro;7.35;44.5;4261.39
01/10/2024;Rio Negro;7.05;4.7;1188.3
02/10/2024;Rio Negro;5.98;25.6;2523.4
03/10/2024;Rio Negro;5.66;25;2858.79
04/10/2024;Rio Negro;5.13;2.7;3846.25
05/10/2024;Rio Negro;8.13;35.7;2379.78
06/10/2024;Rio Negro;5.73;35.1;4508.93
07/10/2024;Rio Negro;4.19;4.7;3890.04
08/10/2024;Rio Negro;8.85;31.7;1743.2
09/10/2024;Rio Negro;8.1;36.4;3942.37
10/10/2024;Rio Negro;5.22;31.1;4661.55
11/10/2024;Rio Negro;4.86;32.2;1649.14
12/10/2024;Rio Negro;7.3;21.4;2400.2
13/10/2024;Rio Negro;6.47;14.8;2070.08
14/10/2024;Rio Negro;8.74;46.3;1046.86
15/10/2024;Rio Negro;9.8;19.7;1653.7
16/10/2024;Rio Negro;8.95;36.4;4411.56
17/10/2024;Rio Negro;5.34;11.4;1925.76
18/10/2024;Rio Negro;8.73;32.8;3981.31
19/10/2024;Rio Negro;8.77;21;3099.02
20/10/2024;Rio Negro;5.51;30.6;2868.46
21/10/2024;Rio Negro;6.47;48.6;2818.65
22/10/2024;Rio Negro;8.01;37.7;2834.12
23/10/2024;Rio Negro;9.98;32.7;1306.63
24/10/2024;Rio Negro;8.81;8.6;4483.12
25/10/2024;Rio Negro;7.17;20.3;3697.39
26/10/2024;Rio Negro;9.98;45.9;2274.04
27/10/2024;Rio Negro;5.88;9;2059.59
28/10/2024;Rio Negro;4.65;22.5;1993.31
29/10/2024;Rio Negro;9.6;11.1;1546.12
30/10/2024;Rio Negro;7.54;24.3;4917.7
31/10/2024;Rio Negro;9.58;18.3;4446.01
01/11/2024;Rio Negro;4.98;49;3801.44
02/11/2024;Rio Negro;4.13;32;3857.52
03/11/2024;Rio Negro;6.86;15.5;4603.25
04/11/2024;Rio Negro;6.26;27.1;3851.08
05/11/2024;Rio Negro;6.38;29.2;3240.79
06/11/2024;Rio Negro;5.74;26.8;4954.22
07/11/2024;Rio Negro;6.34;0.6;2259.56
08/11/2024;Rio Negro;4.68;47.7;4204.82
09/11/2024;Rio Negro;6.42;6;3917.41
10/11/2024;Rio Negro;4.1;25.4;2554.42
11/11/2024;Rio Negro;8.65;2;1052.35
12/11/2024;Rio Negro;4.22;38.3;2719.22
13/11/2024;Rio Negro;6.94;44;3346.73
14/11/2024;Rio Negro;5.73;17.2;4209.62
15/11/2024;Rio Negro;4.61;49.9;4935.32
16/11/2024;Rio Negro;4.16;9.8;1590.71
17/11/2024;Rio Negro;4.2;31.4;4108.88
18/11/2024;Rio Negro;8.11;40.8;3401.7
19/11/2024;Rio Negro;4.71;10.3;4807.14
20/11/2024;Rio Negro;6.09;39.2;1408.19
21/11/2024;Rio Negro;4.05;17.8;3915.98
22/11/2024;Rio Negro;4.03;26.2;4138.63
23/11/2024;Rio Negro;5.15;36.9;2636.95
24/11/2024;Rio Negro;7.39;14.5;1951.55
25/11/2024;Rio Negro;6.12;32.2;3852.34
26/11/2024;Rio Negro;6.42;40.4;1945.01
27/11/2024;Rio Negro;8.31;11.4;4975.08
28/11/2024;Rio Negro;5.95;37.9;3414.52
29/11/2024;Rio Negro;4.99;15.2;2676.07
30/11/2024;Rio Negro;8.6;12.5;1850.96
01/12/2024;Rio Negro;9.72;31.1;4671.96
02/12/2024;Rio Negro;8.38;5.5;4720.55
03/12/2024;Rio Negro;9.78;10.2;3263.21
04/12/2024;Rio Negro;8.59;48.3;3672.26
05/12/2024;Rio Negro;9.06;5.7;1299.78
06/12/2024;Rio Negro;5.25;11.6;4049.61
07/12/2024;Rio Negro;4.47;7.5;2153.8
08/12/2024;Rio Negro;5.22;35.1;4315.07
09/12/2024;Rio Negro;4.75;23.4;2708.59
10/12/2024;Rio Negro;7.73;35.3;3741.35
11/12/2024;Rio Negro;5.19;31.5;1804.32
12/12/2024;Rio Negro;4.61;45.5;4264.68
13/12/2024;Rio Negro;9.97;13.9;2783.45
14/12/2024;Rio Negro;8.54;37.6;4695.72
15/12/2024;Rio Negro;7.31;9.2;2229.38
16/12/2024;Rio Negro;6.67;35.4;4744.87
17/12/2024;Rio Negro;4.39;17.8;1584.14
18/12/2024;Rio Negro;7.35;27.2;4720.27
19/12/2024;Rio Negro;9.56;15.3;2540.48
20/12/2024;Rio Negro;6.04;8.9;4322.25
21/12/2024;Rio Negro;8.35;27.9;4405.21
22/12/2024;Rio Negro;5.48;17.8;1529.59
23/12/2024;Rio Negro;4.96;36.2;2982.94
24/12/2024;Rio Negro;7.81;13.4;4079.31
25/12/2024;Rio Negro;8.07;23.6;1629.82
26/12/2024;Rio Negro;8.67;15.6;4987.5
27/12/2024;Rio Negro;5.79;45.4;4247.34
28/12/2024;Rio Negro;8.76;11.4;2722.81
29/12/2024;Rio Negro;6.01;3.4;2852.16
30/12/2024;Rio Negro;7.76;16.1;4552.52
31/12/2024;Rio Negro;8.02;22.2;1266.49
01/01/2024;Rio Solimões;9.66;31.6;3409.09
02/01/2024;Rio Solimões;8.68;17.9;1787.94
03/01/2024;Rio Solimões;8.67;12.5;3198.67
04/01/2024;Rio Solimões;8.74;16.1;3913.4
05/01/2024;Rio Solimões;5.26;27.8;1626.94
06/01/2024;Rio Solimões;6.84;2.6;4090.99
07/01/2024;Rio Solimões;7.21;21;4859.82
08/01/2024;Rio Solimões;8.27;48.2;1306.16
09/01/2024;Rio Solimões;4.18;35.8;2276.42
10/01/2024;Rio Solimões;5.9;47.9;3924.56
11/01/2024;Rio Solimões;7.66;12;3565.33
12/01/2024;Rio Solimões;7.27;23.4;3272.89
13/01/2024;Rio Solimões;7.98;39;4563.9
14/01/2024;Rio Solimões;6.93;2.8;1769.28
15/01/2024;Rio Solimões;7.27;48.3;1524.26
16/01/2024;Rio Solimões;8.05;8.7;3441.95
17/01/2024;Rio Solimões;4.74;6.4;3258.42
18/01/2024;Rio Solimões;7.7;41.7;3027.16
19/01/2024;Rio Solimões;8.93;3;3455.92
20/01/2024;Rio Solimões;9.73;48.2;2207.15
21/01/2024;Rio Solimões;9.12;37.4;3234.65
22/01/2024;Rio Solimões;9.13;29.9;2132.1
23/01/2024;Rio Solimões;5.48;39.4;1383.34
24/01/2024;Rio Solimões;4.04;13.2;4857.23
25/01/2024;Rio Solimões;6.5;10.9;3736.53
26/01/2024;Rio Solimões;8.54;1.9;4041.98
27/01/2024;Rio Solimões;5.68;21.9;4078.48
28/01/2024;Rio Solimões;5.1;2.2;2005.36
29/01/2024;Rio Solimões;7.62;1.3;2551.97
30/01/2024;Rio Solimões;4.23;40.2;1689.63
31/01/2024;Rio Solimões;9.55;46.2;4907.15
01/02/2024;Rio Solimões;6.61;43.6;3703.3
02/02/2024;Rio Solimões;9.46;19.7;4530.41
03/02/2024;Rio Solimões;6.97;19.2;3852.87
04/02/2024;Rio Solimões;7.34;41.6;4165.99
05/02/2024;Rio Solimões;4.21;30;1685.31
06/02/2024;Rio Solimões;5.3;32.3;1762.74
07/02/2024;Rio Solimões;5.23;31.8;1571.44
08/02/2024;Rio Solimões;4.83;38.6;4093.32
09/02/2024;Rio Solimões;5.59;41.8;3588.99
10/02/2024;Rio Solimões;6.3;27.5;3655.07
11/02/2024;Rio Solimões;9.95;4.9;2066.79
12/02/2024;Rio Solimões;5.31;26.3;4828.99
13/02/2024;Rio Solimões;6.03;48.1;3666.27
14/02/2024;Rio Solimões;4.28;11.2;2329.43
15/02/2024;Rio Solimões;6.73;43.8;3068.96
16/02/2024;Rio Solimões;7.88;34.3;2554.39
17/02/2024;Rio Solimões;5.49;11;1329.76
18/02/2024;Rio Solimões;8.39;10.8;2447.12
19/02/2024;Rio Solimões;9.78;8.1;3503.94
20/02/2024;Rio Solimões;4.82;24.2;4615.31
21/02/2024;Rio Solimões;9.79;27.3;2353.69
22/02/2024;Rio Solimões;7.25;49.9;4237.92
23/02/2024;Rio Solimões;9.25;46.6;2827.74
24/02/2024;Rio Solimões;7.11;39.5;1849.34
25/02/2024;Rio Solimões;5.54;29.9;2747.71
26/02/2024;Rio Solimões;6.13;12.1;1513.74
27/02/2024;Rio Solimões;5.69;2.3;4771.33
28/02/2024;Rio Solimões;9.51;0.3;2710.46
29/02/2024;Rio Solimões;6.73;48.6;1394.36
01/03/2024;Rio Solimões;9.91;48.3;2607.47
02/03/2024;Rio Solimões;4.41;49;4905.73
03/03/2024;Rio Solimões;4.86;19.6;1098.77
04/03/2024;Rio Solimões;5.19;46.7;3210.81
05/03/2024;Rio Solimões;6.42;8.4;2177.84
06/03/2024;Rio Solimões;8.92;41;2104.01
07/03/2024;Rio Solimões;5.99;9.4;3972.65
08/03/2024;Rio Solimões;5.11;3.3;1077.28
09/03/2024;Rio Solimões;5.85;31.6;2997.16
10/03/2024;Rio Solimões;7.87;39.7;3068.74
11/03/2024;Rio Solimões;6.64;35.2;1348.41
12/03/2024;Rio Solimões;4.04;8.8;3325.77
13/03/2024;Rio Solimões;8.82;21.1;4544.42
14/03/2024;Rio Solimões;5.82;42.1;1368.98
15/03/2024;Rio Solimões;9.93;47.3;1651.43
16/03/2024;Rio Solimões;8.37;15.7;2572.03
17/03/2024;Rio Solimões;6.63;36.9;2524.29
18/03/2024;Rio Solimões;5.29;41.2;4162.27
19/03/2024;Rio Solimões;8.21;0.9;1544.27
20/03/2024;Rio Solimões;7.08;48.7;1024.98
21/03/2024;Rio Solimões;7.51;23.2;2304.46
22/03/2024;Rio Solimões;9.15;15.8;3117.53
23/03/2024;Rio Solimões;7.73;36.7;1955.73
24/03/2024;Rio Solimões;8.7;22.1;4676.45
25/03/2024;Rio Solimões;7.35;7.1;2547.01
26/03/2024;Rio Solimões;5.23;27.3;1751.99
27/03/2024;Rio Solimões;8.53;42.5;4595.01
28/03/2024;Rio Solimões;6.04;31.6;3651.59
29/03/2024;Rio Solimões;9.07;24.6;2545.53
30/03/2024;Rio Solimões;6.54;39.5;4127.88
31/03/2024;Rio Solimões;4.73;44.1;1027.17
01/04/2024;Rio Solimões;9.98;25.7;1652.88
02/04/2024;Rio Solimões;4.57;34.3;3063.38
03/04/2024;Rio Solimões;8.66;35.8;2310.17
04/04/2024;Rio Solimões;6.35;39.8;4745.43
05/04/2024;Rio Solimões;5.72;33.9;1750.84
06/04/2024;Rio Solimões;6.43;12.6;4012.21
07/04/2024;Rio Solimões;5.8;7.7;3063.85
08/04/2024;Rio Solimões;8.9;6.1;2124.58
09/04/2024;Rio Solimões;4.98;43.6;2667.82
10/04/2024;Rio Solimões;7.3;29.8;2849.79
11/04/2024;Rio Solimões;4.24;46.7;4901.99
12/04/2024;Rio Solimões;7.31;19.6;2460.97
13/04/2024;Rio Solimões;8.25;18.4;1255.21
14/04/2024;Rio Solimões;7.22;37;2507.5
15/04/2024;Rio Solimões;4.85;4;1169.36
16/04/2024;Rio Solimões;9.91;24.6;2855.49
17/04/2024;Rio Solimões;8.06;16.4;1475.59
18/04/2024;Rio Solimões;9.16;2.1;4205.17
19/04/2024;Rio Solimões;9.52;0.3;4520.27
20/04/2024;Rio Solimões;8.98;0;2366.99
21/04/2024;Rio Solimões;5.49;46.4;4255.3
22/04/2024;Rio Solimões;6.51;49.6;2060.44
23/04/2024;Rio Solimões;7.34;0.6;3220.25
24/04/2024;Rio Solimões;4.78;47.4;1706.08
25/04/2024;Rio Solimões;4.79;1.2;1768.87
26/04/2024;Rio Solimões;6.43;28.7;3018.86
27/04/2024;Rio Solimões;7.21;39.6;4051.53
28/04/2024;Rio Solimões;4.15;14.6;2812.22
29/04/2024;Rio Solimões;5.86;15.8;4368.75
30/04/2024;Rio Solimões;5.19;12.7;3588.12
01/05/2024;Rio Solimões;8.48;9.1;4627.13
02/05/2024;Rio Solimões;6.2;16.1;2730.11
03/05/2024;Rio Solimões;6.63;44.8;2700.02
04/05/2024;Rio Solimões;6.47;30;3193.23
05/05/2024;Rio Solimões;7.69;44.6;3280.15
06/05/2024;Rio Solimões;8.24;19.1;1490.33
07/05/2024;Rio Solimões;5.77;36.5;4663.52
08/05/2024;Rio Solimões;5.78;32.1;3581.23
09/05/2024;Rio Solimões;6.84;0.4;4461.54
10/05/2024;Rio Solimões;5.94;32.9;4964.63
11/05/2024;Rio Solimões;6.2;35.2;4639
12/05/2024;Rio Solimões;7.51;27.6;1790.58
13/05/2024;Rio Solimões;5.72;27.2;4438.67
14/05/2024;Rio Solimões;9.18;14.8;4871.31
15/05/2024;Rio Solimões;9.52;13.7;2764.93
16/05/2024;Rio Solimões;8.04;20.2;3862.31
17/05/2024;Rio Solimões;7.03;22.6;4644.11
18/05/2024;Rio Solimões;4.78;29.1;3849.23
19/05/2024;Rio Solimões;8.74;11.8;3957.59
20/05/2024;Rio Solimões;5.93;39.6;3610.92
21/05/2024;Rio Solimões;5.21;33.2;3103.48
22/05/2024;Rio Solimões;9.16;20.6;2883.59
23/05/2024;Rio Solimões;6.5;2.7;3403.15
24/05/2024;Rio Solimões;5.85;10.6;2178.23
25/05/2024;Rio Solimões;4.41;21.7;1302.78
26/05/2024;Rio Solimões;7.74;35.9;3672.42
27/05/2024;Rio Solimões;7.45;7;2790.12
28/05/2024;Rio Solimões;6.89;19.1;1275.06
29/05/2024;Rio Solimões;4.28;3.4;4923.81
30/05/2024;Rio Solimões;5.97;3.3;4313.93
31/05/2024;Rio Solimões;5.13;16.4;4053.66
01/06/2024;Rio Solimões;4.95;37.6;4756.45
02/06/2024;Rio Solimões;8.99;22.7;3079.72
03/06/2024;Rio Solimões;8.68;21.7;3883.32
04/06/2024;Rio Solimões;6.5;32.9;3940.23
05/06/2024;Rio Solimões;6.4;34.1;2912.34
06/06/2024;Rio Solimões;9.89;10;2421.43
07/06/2024;Rio Solimões;6.64;3.8;2315.87
08/06/2024;Rio Solimões;9.57;14.6;2535.96
09/06/2024;Rio Solimões;8.7;7.5;3606.45
10/06/2024;Rio Solimões;8.75;4.4;2027.15
11/06/2024;Rio Solimões;5.03;49.3;2517.99
12/06/2024;Rio Solimões;6.54;33.8;2424.54
13/06/2024;Rio Solimões;9.9;7.7;1509.22
14/06/2024;Rio Solimões;7.72;23.4;3363.33
15/06/2024;Rio Solimões;9.16;30.1;3982.93
16/06/2024;Rio Solimões;6.28;33.1;2275.13
17/06/2024;Rio Solimões;4.83;29.8;4441.5
18/06/2024;Rio Solimões;9.97;1.9;1965.73
19/06/2024;Rio Solimões;6.44;21;1399.67
20/06/2024;Rio Solimões;8.13;36.5;2054.66
21/06/2024;Rio Solimões;6.06;1.4;1036.45
22/06/2024;Rio Solimões;8.42;34.5;4587.41
23/06/2024;Rio Solimões;9.21;42.4;2231.73
24/06/2024;Rio Solimões;4.91;22.7;3954.06
25/06/2024;Rio Solimões;9.88;49.6;4885.97
26/06/2024;Rio Solimões;4.43;2.1;1644.61
27/06/2024;Rio Solimões;7.71;6.2;2029.28
28/06/2024;Rio Solimões;7.52;9.7;2931.18
29/06/2024;Rio Solimões;5.59;0.4;1822.7
30/06/2024;Rio Solimões;9.56;30.6;1610.15
01/07/2024;Rio Solimões;9.28;4.9;2759.74
02/07/2024;Rio Solimões;6.27;3.4;4500.15
03/07/2024;Rio Solimões;6.54;9.8;4920.32
04/07/2024;Rio Solimões;4.39;27;4591.32
05/07/2024;Rio Solimões;7.95;41.6;2589.76
06/07/2024;Rio Solimões;8.02;3.6;4873.16
07/07/2024;Rio Solimões;9.1;44.8;2340.25
08/07/2024;Rio Solimões;8.12;22.4;4599.32
09/07/2024;Rio Solimões;7.69;9.6;1226.41
10/07/2024;Rio Solimões;5.61;34.6;4886.9
11/07/2024;Rio Solimões;4.11;18.8;2503.58
12/07/2024;Rio Solimões;8.47;14.5;4167.64
13/07/2024;Rio Solimões;8.17;37.1;4493.35
14/07/2024;Rio Solimões;9.85;1.8;4777.72
15/07/2024;Rio Solimões;8.42;24.3;1883.22
16/07/2024;Rio Solimões;5.21;21.9;3318.28
17/07/2024;Rio Solimões;8.86;11.1;3301.05
18/07/2024;Rio Solimões;9.45;14.2;4265.03
19/07/2024;Rio Solimões;9.99;20.6;1349.09
20/07/2024;Rio Solimões;8.06;7.7;2844.44
21/07/2024;Rio Solimões;9.92;9.4;1634.6
22/07/2024;Rio Solimões;9.38;38.1;4215.92
23/07/2024;Rio Solimões;5.84;32.9;3859.65
24/07/2024;Rio Solimões;5.99;22.4;2162.08
25/07/2024;Rio Solimões;8.64;21.9;1812.51
26/07/2024;Rio Solimões;9.86;46.8;3111.44
27/07/2024;Rio Solimões;8.16;36.6;3309.5
28/07/2024;Rio Solimões;7.5;11.9;1780.59
29/07/2024;Rio Solimões;7.69;40;4070.38
30/07/2024;Rio Solimões;4.08;22.9;3817.46
31/07/2024;Rio Solimões;9.83;12.4;3946.73
01/08/2024;Rio Solimões;6.67;23.3;2861.13
02/08/2024;Rio Solimões;4.37;47.8;1432.73
03/08/2024;Rio Solimões;6.91;2.4;1483.1
04/08/2024;Rio Solimões;4.4;15.1;1114.39
05/08/2024;Rio Solimões;9.43;2.1;1653.88
06/08/2024;Rio Solimões;5.09;13;3320.66
07/08/2024;Rio Solimões;8.69;49.4;4372.15
08/08/2024;Rio Solimões;8.77;17.7;3512.02
09/08/2024;Rio Solimões;8.24;14.7;2984.3
10/08/2024;Rio Solimões;6.24;31.5;1147.9
11/08/2024;Rio Solimões;8.51;7.8;2735.11
12/08/2024;Rio Solimões;9.84;7.2;4022.44
13/08/2024;Rio Solimões;6.79;12;4732.53
14/08/2024;Rio Solimões;5.32;3.7;4072.49
15/08/2024;Rio Solimões;8.63;26.4;4710.63
16/08/2024;Rio Solimões;8.41;41.8;3710.73
17/08/2024;Rio Solimões;9.16;42.2;3267.82
18/08/2024;Rio Solimões;7.21;42.5;2563.35
19/08/2024;Rio Solimões;6.83;34;4916.34
20/08/2024;Rio Solimões;6.3;28.5;3876.51
21/08/2024;Rio Solimões;6.39;22.4;3819.06
22/08/2024;Rio Solimões;4.91;45.5;3448.33
23/08/2024;Rio Solimões;5.55;18;1937.34
24/08/2024;Rio Solimões;4.41;9.3;4924.57
25/08/2024;Rio Solimões;5.43;17.7;1220.16
26/08/2024;Rio Solimões;6.47;17.3;1870.78
27/08/2024;Rio Solimões;5.44;17.3;3806.66
28/08/2024;Rio Solimões;7.3;29.8;1186.8
29/08/2024;Rio Solimões;6.67;6.2;4684.9
30/08/2024;Rio Solimões;5.32;31.7;2713.87
31/08/2024;Rio Solimões;9.23;43.9;1107.89
01/09/2024;Rio Solimões;9.94;38.9;3021.91
02/09/2024;Rio Solimões;9.05;9.8;2523.43
03/09/2024;Rio Solimões;5.37;47.3;4177.47
04/09/2024;Rio Solimões;6.5;29.8;1102.63
05/09/2024;Rio Solimões;8.72;42.7;4803.29
06/09/2024;Rio Solimões;6.91;22.6;3540.12
07/09/2024;Rio Solimões;6.3;5;1629.78
08/09/2024;Rio Solimões;9.77;14.7;2900.61
09/09/2024;Rio Solimões;6.79;25.6;2708.97
10/09/2024;Rio Solimões;7.74;10.5;4657.93
11/09/2024;Rio Solimões;7.56;40.3;3214.15
12/09/2024;Rio Solimões;8.84;20;3429.05
13/09/2024;Rio Solimões;6.89;28.7;2638.65
14/09/2024;Rio Solimões;7.25;19.3;1360.95
15/09/2024;Rio Solimões;8.96;29.9;4007.48
16/09/2024;Rio Solimões;6.2;35.7;1464.32
17/09/2024;Rio Solimões;4.27;22.6;2555.91
18/09/2024;Rio Solimões;9.07;45.4;1509.96
19/09/2024;Rio Solimões;4.77;18.9;3224.37
20/09/2024;Rio Solimões;9.36;37.4;3891.67
21/09/2024;Rio Solimões;5.17;0.6;2072.16
22/09/2024;Rio Solimões;6.45;47.9;3061.28
23/09/2024;Rio Solimões;6.62;43.3;2217.46
24/09/2024;Rio Solimões;9.55;39.6;1614.65
25/09/2024;Rio Solimões;4.66;2.8;3203.66
26/09/2024;Rio Solimões;6.7;26;3297.26
27/09/2024;Rio Solimões;9.87;11.9;3160.23
28/09/2024;Rio Solimões;9.49;46.7;2955.16
29/09/2024;Rio Solimões;7.69;30.6;2777.21
30/09/2024;Rio Solimões;9.72;17.3;4208.68
01/10/2024;Rio Solimões;5.53;36;2698.68
02/10/2024;Rio Solimões;9.88;23.8;1513.5
03/10/2024;Rio Solimões;7.27;46.3;2753.85
04/10/2024;Rio Solimões;9.07;42.6;1253.95
05/10/2024;Rio Solimões;6.44;2.5;4971.1
06/10/2024;Rio Solimões;6.57;49.9;2817.93
07/10/2024;Rio Solimões;5.73;22.4;2442.3
08/10/2024;Rio Solimões;5.96;37.3;3133.09
09/10/2024;Rio Solimões;6.74;42.4;1635.75
10/10/2024;Rio Solimões;4.46;13.1;1437.83
11/10/2024;Rio Solimões;4.04;29;3781.22
12/10/2024;Rio Solimões;5.24;3;1789.16
13/10/2024;Rio Solimões;4.29;40.1;3265.43
14/10/2024;Rio Solimões;9.79;35.6;2152.47
15/10/2024;Rio Solimões;9.56;32.1;3870.46
16/10/2024;Rio Solimões;6.72;20.4;2520.03
17/10/2024;Rio Solimões;7.31;27.4;2159.14
18/10/2024;Rio Solimões;6.11;8.6;4224.86
19/10/2024;Rio Solimões;5.87;37.6;3641.72
20/10/2024;Rio Solimões;5.41;46.7;1461.07
21/10/2024;Rio Solimões;7.3;29.8;1118.36
22/10/2024;Rio Solimões;5.16;27.4;2283.04
23/10/2024;Rio Solimões;8.09;2.9;1506.06
24/10/2024;Rio Solimões;4.27;44;3288.33
25/10/2024;Rio Solimões;9.78;14.1;1521.77
26/10/2024;Rio Solimões;5.3;20.8;4755.22
27/10/2024;Rio Solimões;7.3;18.8;4100.02
28/10/2024;Rio Solimões;7.67;18.7;2783.63
29/10/2024;Rio Solimões;9.15;12.8;2111.76
30/10/2024;Rio Solimões;8.97;5.5;3162.76
31/10/2024;Rio Solimões;8.72;28.4;4594.83
01/11/2024;Rio Solimões;5.12;14.5;4692.31
02/11/2024;Rio Solimões;8.2;3.2;3708
03/11/2024;Rio Solimões;5.55;9.6;2125.22
04/11/2024;Rio Solimões;5.05;16.6;3250.55
05/11/2024;Rio Solimões;7.35;25;2125.76
06/11/2024;Rio Solimões;4.29;33.1;1768.08
07/11/2024;Rio Solimões;9.96;21.9;1210.41
08/11/2024;Rio Solimões;7.41;7.8;2394.08
09/11/2024;Rio Solimões;7.18;47.3;2029.67
10/11/2024;Rio Solimões;4.04;1;4686.46
11/11/2024;Rio Solimões;4.69;10.1;3465.65
12/11/2024;Rio Solimões;9.63;26.4;2619.61
13/11/2024;Rio Solimões;8.14;14.8;3961.66
14/11/2024;Rio Solimões;9.69;41.3;3965.45
15/11/2024;Rio Solimões;9.91;9.8;1023.52
16/11/2024;Rio Solimões;7.4;24.3;3195.94
17/11/2024;Rio Solimões;8.13;20.6;4326.59
18/11/2024;Rio Solimões;5.3;20.3;3250.78
19/11/2024;Rio Solimões;5.91;9.3;2150.33
20/11/2024;Rio Solimões;8.47;41.2;1939.23
21/11/2024;Rio Solimões;6.98;43.1;3257.74
22/11/2024;Rio Solimões;7.8;21.1;4962.28
23/11/2024;Rio Solimões;6.88;35.7;1579.41
24/11/2024;Rio Solimões;7.64;18.8;2627.75
25/11/2024;Rio Solimões;6.96;28.2;3331.3
26/11/2024;Rio Solimões;7.86;49.7;2113
27/11/2024;Rio Solimões;9.59;15.9;3553.02
28/11/2024;Rio Solimões;5.02;4.9;2007.55
29/11/2024;Rio Solimões;5.9;6.6;2749.99
30/11/2024;Rio Solimões;4.72;37.4;2781.54
01/12/2024;Rio Solimões;9.21;12.8;1134.7
02/12/2024;Rio Solimões;8.89;2.3;4852.63
03/12/2024;Rio Solimões;5.54;30.1;2506.68
04/12/2024;Rio Solimões;7.83;21;4449.19
05/12/2024;Rio Solimões;5.12;21.7;2225.77
06/12/2024;Rio Solimões;6.84;18.9;3788.43
07/12/2024;Rio Solimões;9.59;32.4;4079.79
08/12/2024;Rio Solimões;9.72;15.5;4308.46
09/12/2024;Rio Solimões;9.88;42.1;2419.22
10/12/2024;Rio Solimões;5.67;35.9;2954.6
11/12/2024;Rio Solimões;9.46;43.7;2206.62
12/12/2024;Rio Solimões;9.82;11.3;1749
13/12/2024;Rio Solimões;7.75;20.3;4025.11
14/12/2024;Rio Solimões;6.35;45.2;4117.85
15/12/2024;Rio Solimões;7.02;40.7;3660.05
16/12/2024;Rio Solimões;6.21;39.3;3372.24
17/12/2024;Rio Solimões;4.39;45;2889.34
18/12/2024;Rio Solimões;9.36;29.1;4343.69
19/12/2024;Rio Solimões;4.88;4.2;4603.46
20/12/2024;Rio Solimões;8.09;35.1;2137.51
21/12/2024;Rio Solimões;5.61;2.1;4630.68
22/12/2024;Rio Solimões;5.55;25;4474.04
23/12/2024;Rio Solimões;5.66;38.1;3091.96
24/12/2024;Rio Solimões;7.82;36.6;3051.1
25/12/2024;Rio Solimões;9.5;4.1;4955.73
26/12/2024;Rio Solimões;7.02;39.3;4114.84
27/12/2024;Rio Solimões;9.2;30.9;2064.88
28/12/2024;Rio Solimões;5.76;34;3937.44
29/12/2024;Rio Solimões;5.52;48.8;3389.95
30/12/2024;Rio Solimões;8.45;14.3;4151.23
31/12/2024;Rio Solimões;6.72;6.8;2109.58
01/01/2024;Rio Amazonas;7.09;26.3;1825.66
02/01/2024;Rio Amazonas;8.71;34.7;4090.53
03/01/2024;Rio Amazonas;9.05;46.4;1407.5
04/01/2024;Rio Amazonas;6.61;24.8;3895.02
05/01/2024;Rio Amazonas;4.68;42.1;3939.87
06/01/2024;Rio Amazonas;5.77;4.9;1758.43
07/01/2024;Rio Amazonas;5.82;29;3720.76
08/01/2024;Rio Amazonas;8.57;30.9;3552.39
09/01/2024;Rio Amazonas;6.25;33.9;1396
10/01/2024;Rio Amazonas;8.46;16.2;3024.76
11/01/2024;Rio Amazonas;7.64;46.3;4287.49
12/01/2024;Rio Amazonas;9.86;25;3759.93
13/01/2024;Rio Amazonas;7.38;7.5;4922.89
14/01/2024;Rio Amazonas;7.89;11.7;4892.56
15/01/2024;Rio Amazonas;9.97;17.7;2048.8
16/01/2024;Rio Amazonas;9.93;39.7;2932.47
17/01/2024;Rio Amazonas;9.2;14.4;2297.86
18/01/2024;Rio Amazonas;4.03;4.6;2007.19
19/01/2024;Rio Amazonas;9.75;15.1;1583.39
20/01/2024;Rio Amazonas;7.23;43.2;4750.22
21/01/2024;Rio Amazonas;7.58;5.8;1687.11
22/01/2024;Rio Amazonas;7.44;17;3569.71
23/01/2024;Rio Amazonas;9.51;2.7;1223.62
24/01/2024;Rio Amazonas;9.93;4.3;3851.16
25/01/2024;Rio Amazonas;8.58;8.8;2538.85
26/01/2024;Rio Amazonas;9.58;4.6;4131.78
27/01/2024;Rio Amazonas;6.99;28.3;3432.11
28/01/2024;Rio Amazonas;5.94;13.3;4248.04
29/01/2024;Rio Amazonas;8.89;30.3;3571.28
30/01/2024;Rio Amazonas;5.6;5.9;1019.26
31/01/2024;Rio Amazonas;8.33;18.3;2368.74
01/02/2024;Rio Amazonas;9.97;20.3;4087.44
02/02/2024;Rio Amazonas;6.32;4.3;4635.9
03/02/2024;Rio Amazonas;4.74;49.8;2803.57
04/02/2024;Rio Amazonas;6.23;14.2;3031.78
05/02/2024;Rio Amazonas;6.61;35.2;2235.54
06/02/2024;Rio Amazonas;8.31;4.6;1097.28
07/02/2024;Rio Amazonas;5.19;37;1877.87
08/02/2024;Rio Amazonas;5.98;0.2;2614.45
09/02/2024;Rio Amazonas;4.53;38.6;3436.99
10/02/2024;Rio Amazonas;8.51;45;2399.5
11/02/2024;Rio Amazonas;4.08;40.3;3603.14
12/02/2024;Rio Amazonas;9.19;17.6;1513.3
13/02/2024;Rio Amazonas;6.4;34.1;4083.99
14/02/2024;Rio Amazonas;5.57;18.5;2058.97
15/02/2024;Rio Amazonas;9.98;21.3;1022.22
16/02/2024;Rio Amazonas;5.37;25.8;1482.09
17/02/2024;Rio Amazonas;5.91;18.1;3837.75
18/02/2024;Rio Amazonas;6.03;42.6;1546.48
19/02/2024;Rio Amazonas;5.49;16.2;1525.98
20/02/2024;Rio Amazonas;8.28;11.7;1061.1
21/02/2024;Rio Amazonas;9.43;33.7;4267.14
22/02/2024;Rio Amazonas;7.28;36.2;4645.43
23/02/2024;Rio Amazonas;8.62;31.5;4382
24/02/2024;Rio Amazonas;5.76;17;2664.87
25/02/2024;Rio Amazonas;9.88;32.5;4824.38
26/02/2024;Rio Amazonas;7.77;37.7;4447.02
27/02/2024;Rio Amazonas;5.02;17.6;4994.5
28/02/2024;Rio Amazonas;9.47;41;1403.25
29/02/2024;Rio Amazonas;9.75;17.9;4009.1
01/03/2024;Rio Amazonas;8.9;20.5;3142.75
02/03/2024;Rio Amazonas;6.87;9.7;4484.76
03/03/2024;Rio Amazonas;9.89;44.3;4926.8
04/03/2024;Rio Amazonas;9.37;11.5;3021.2
05/03/2024;Rio Amazonas;4.08;49.2;1216.93
06/03/2024;Rio Amazonas;4;47.8;2877.45
07/03/2024;Rio Amazonas;4.04;49.3;2079.82
08/03/2024;Rio Amazonas;6.35;36.1;3070.62
09/03/2024;Rio Amazonas;5.67;49.3;2152.85
10/03/2024;Rio Amazonas;5.96;42.9;3214.84
11/03/2024;Rio Amazonas;8.7;14.8;3873.92
12/03/2024;Rio Amazonas;9.53;14.4;2421.19
13/03/2024;Rio Amazonas;8.4;6.5;1643.41
14/03/2024;Rio Amazonas;7.88;0.1;2330.52
15/03/2024;Rio Amazonas;6.08;30.6;4744.98
16/03/2024;Rio Amazonas;5.94;10.5;1647.98
17/03/2024;Rio Amazonas;9.26;45.5;4659.36
18/03/2024;Rio Amazonas;5.14;1;4696.11
19/03/2024;Rio Amazonas;9.5;31.4;2214.35
20/03/2024;Rio Amazonas;9.01;48.6;2361.19
21/03/2024;Rio Amazonas;8.26;47.6;1860.09
22/03/2024;Rio Amazonas;6.51;44.4;3390.42
23/03/2024;Rio Amazonas;8.58;34.1;1869.74
24/03/2024;Rio Amazonas;8.29;25.8;3991.09
25/03/2024;Rio Amazonas;8.91;0.7;2270.65
26/03/2024;Rio Amazonas;9.14;13.6;4940.26
27/03/2024;Rio Amazonas;9.64;24.1;1728.88
28/03/2024;Rio Amazonas;7.06;35.6;1561.58
29/03/2024;Rio Amazonas;7.51;21.8;2654.81
30/03/2024;Rio Amazonas;9.18;19.8;2847.74
31/03/2024;Rio Amazonas;5.79;43.1;3945.06
01/04/2024;Rio Amazonas;8.32;7.8;3887.41
02/04/2024;Rio Amazonas;8.63;17.8;4533.62
03/04/2024;Rio Amazonas;8.29;3.3;2457.81
04/04/2024;Rio Amazonas;4.12;7.6;2416.93
05/04/2024;Rio Amazonas;5.22;1.5;4332.72
06/04/2024;Rio Amazonas;8.45;21.9;1201.42
07/04/2024;Rio Amazonas;9.54;35.6;4441.58
08/04/2024;Rio Amazonas;6.07;47.6;4777.38
09/04/2024;Rio Amazonas;7.09;24.2;4502.1
10/04/2024;Rio Amazonas;7.52;24;1469.81
11/04/2024;Rio Amazonas;7.44;13.7;4121.01
12/04/2024;Rio Amazonas;6.46;20.5;4384.9
13/04/2024;Rio Amazonas;5.67;11.6;4673.99
14/04/2024;Rio Amazonas;8.53;45.1;4172.64
15/04/2024;Rio Amazonas;7.51;34.2;3946.99
16/04/2024;Rio Amazonas;6.81;27.7;2968.98
17/04/2024;Rio Amazonas;7.78;38.7;2567.99
18/04/2024;Rio Amazonas;6.61;26.3;4278.1
19/04/2024;Rio Amazonas;6.76;5;2511.26
20/04/2024;Rio Amazonas;8.2;16;1799.42
21/04/2024;Rio Amazonas;8.25;1.1;4149.82
22/04/2024;Rio Amazonas;8.69;7.4;1254.34
23/04/2024;Rio Amazonas;7.11;38.5;4371.76
24/04/2024;Rio Amazonas;6.79;31.8;2060.44
25/04/2024;Rio Amazonas;6;30.3;4923.26
26/04/2024;Rio Amazonas;9.2;44.3;1252.25
27/04/2024;Rio Amazonas;8.07;36.1;2815.65
28/04/2024;Rio Amazonas;6.25;12.1;2324.57
29/04/2024;Rio Amazonas;7.92;6.6;4867.17
30/04/2024;Rio Amazonas;7.54;43.5;3764.41
01/05/2024;Rio Amazonas;7.94;10.4;1306.59
02/05/2024;Rio Amazonas;4.25;21.7;4587.71
03/05/2024;Rio Amazonas;6.45;0.3;1707.75
04/05/2024;Rio Amazonas;6.18;17.8;2694.83
05/05/2024;Rio Amazonas;8.12;5.2;3904.95
06/05/2024;Rio Amazonas;6.18;15.1;3752.82
07/05/2024;Rio Amazonas;7.33;13.4;1018.04
08/05/2024;Rio Amazonas;6.34;25.9;3000.05
09/05/2024;Rio Amazonas;7.2;47.6;3360.33
10/05/2024;Rio Amazonas;5.8;17.8;3324.03
11/05/2024;Rio Amazonas;7.93;17.2;3064.43
12/05/2024;Rio Amazonas;5.37;44.7;3462.72
13/05/2024;Rio Amazonas;4.92;46;3037.68
14/05/2024;Rio Amazonas;4.07;30.7;3100.59
15/05/2024;Rio Amazonas;4.68;26.8;2977.18
16/05/2024;Rio Amazonas;5.99;49.3;2308.54
17/05/2024;Rio Amazonas;8.6;21.2;1631.92
18/05/2024;Rio Amazonas;6.61;36.4;1531.75
19/05/2024;Rio Amazonas;8.41;11;2995.35
20/05/2024;Rio Amazonas;8.07;26.2;4258.45
21/05/2024;Rio Amazonas;9.62;47.3;2251.99
22/05/2024;Rio Amazonas;4.59;49.3;3261.38
23/05/2024;Rio Amazonas;6.27;24.8;4119.48
24/05/2024;Rio Amazonas;4.25;3.9;1188
25/05/2024;Rio Amazonas;9.9;37.9;2033.98
26/05/2024;Rio Amazonas;4.56;41.4;2571.5
27/05/2024;Rio Amazonas;9.69;9.1;4137.54
28/05/2024;Rio Amazonas;6.36;46.6;4487.11
29/05/2024;Rio Amazonas;4.25;39.1;4664.36
30/05/2024;Rio Amazonas;6.48;2.9;3965.37
31/05/2024;Rio Amazonas;9.25;32.1;1907.92
01/06/2024;Rio Amazonas;8.28;2.6;2185.62
02/06/2024;Rio Amazonas;6.82;32.3;2655.47
03/06/2024;Rio Amazonas;5.3;47.1;3477.26
04/06/2024;Rio Amazonas;5.58;13.6;2731.88
05/06/2024;Rio Amazonas;8.76;29.6;1550.48
06/06/2024;Rio Amazonas;6.99;17.5;4730.38
07/06/2024;Rio Amazonas;4.51;6;3700.31
08/06/2024;Rio Amazonas;6.29;2;3085.58
09/06/2024;Rio Amazonas;7.38;33.8;2242.39
10/06/2024;Rio Amazonas;6.75;36.1;4412.05
11/06/2024;Rio Amazonas;4.79;25.1;3631.48
12/06/2024;Rio Amazonas;7.92;42.2;3976.39
13/06/2024;Rio Amazonas;7.37;43.3;2737.22
14/06/2024;Rio Amazonas;9.83;33.3;1931.1
15/06/2024;Rio Amazonas;9.79;27.3;2326.28
16/06/2024;Rio Amazonas;9.29;18;1769.61
17/06/2024;Rio Amazonas;9.33;36.9;4387.56
18/06/2024;Rio Amazonas;6.34;34.4;1149.38
19/06/2024;Rio Amazonas;7.29;24.1;4316.58
20/06/2024;Rio Amazonas;4.64;41.4;1271.05
21/06/2024;Rio Amazonas;5.07;37.9;1122.97
22/06/2024;Rio Amazonas;6.35;20.7;3584.9
23/06/2024;Rio Amazonas;6.81;36;4880.68
24/06/2024;Rio Amazonas;9.67;31.7;1490.12
25/06/2024;Rio Amazonas;7.02;36;1540.14
26/06/2024;Rio Amazonas;7.24;30.8;4851.9
27/06/2024;Rio Amazonas;5.57;42.1;4503.57
28/06/2024;Rio Amazonas;6.73;49.4;4450.85
29/06/2024;Rio Amazonas;7.84;12.4;4302.43
30/06/2024;Rio Amazonas;8.29;10.1;1836.81
01/07/2024;Rio Amazonas;8.74;24;1329.96
02/07/2024;Rio Amazonas;7.81;25.9;2207.94
03/07/2024;Rio Amazonas;8.09;35.8;1229.85
04/07/2024;Rio Amazonas;5.91;9.4;4643.48
05/07/2024;Rio Amazonas;4.66;11.8;4930.81
06/07/2024;Rio Amazonas;6.82;10.6;3556.67
07/07/2024;Rio Amazonas;8.8;1.6;2972.17
08/07/2024;Rio Amazonas;6.09;48.1;2955.56
09/07/2024;Rio Amazonas;8.59;14.9;3761.12
10/07/2024;Rio Amazonas;6.02;40.5;2245.81
11/07/2024;Rio Amazonas;9.75;5.5;1231.41
12/07/2024;Rio Amazonas;4.8;17.6;3412.73
13/07/2024;Rio Amazonas;5.81;35.3;3655.55
14/07/2024;Rio Amazonas;5.02;48.2;3793.76
15/07/2024;Rio Amazonas;7.93;48.7;2360.89
16/07/2024;Rio Amazonas;8.59;7.5;4934.47
17/07/2024;Rio Amazonas;4.92;23.9;2314.12
18/07/2024;Rio Amazonas;9.71;10.9;1456.87
19/07/2024;Rio Amazonas;9.74;43;4009.51
20/07/2024;Rio Amazonas;9.71;6.4;2469
21/07/2024;Rio Amazonas;7.46;19.2;2250.59
22/07/2024;Rio Amazonas;7.16;20.2;3605.06
23/07/2024;Rio Amazonas;8.38;8.7;3110.18
24/07/2024;Rio Amazonas;9.96;19.4;1866.39
25/07/2024;Rio Amazonas;7.86;34.8;2656.39
26/07/2024;Rio Amazonas;7.72;8.1;2231.05
27/07/2024;Rio Amazonas;4.56;39;4379.99
28/07/2024;Rio Amazonas;7.26;27.5;1307.36
29/07/2024;Rio Amazonas;4.57;11.9;4761.69
30/07/2024;Rio Amazonas;4.04;39.2;2616.91
31/07/2024;Rio Amazonas;6.85;47.7;4835.56
01/08/2024;Rio Amazonas;4.94;14.2;3933.59
02/08/2024;Rio Amazonas;8.46;4.7;3986.39
03/08/2024;Rio Amazonas;7.44;12.4;4609.01
04/08/2024;Rio Amazonas;7.67;38.9;4656.47
05/08/2024;Rio Amazonas;9.45;12;2928.07
06/08/2024;Rio Amazonas;9.27;40.4;3623.23
07/08/2024;Rio Amazonas;6.12;30.9;4766.12
08/08/2024;Rio Amazonas;6.43;36.6;3662.4
09/08/2024;Rio Amazonas;4.4;7.5;2658.34
10/08/2024;Rio Amazonas;9.66;7.7;3298.4
11/08/2024;Rio Amazonas;4.33;48.5;3875.26
12/08/2024;Rio Amazonas;7.76;10.9;3365.67
13/08/2024;Rio Amazonas;6.12;40.5;2414.46
14/08/2024;Rio Amazonas;8.58;23.3;4064.79
15/08/2024;Rio Amazonas;5.5;13.3;3348.26
16/08/2024;Rio Amazonas;5.82;18.9;1092.17
17/08/2024;Rio Amazonas;8.8;48.2;1442.02
18/08/2024;Rio Amazonas;9.87;15.5;4509.69
19/08/2024;Rio Amazonas;9.89;20.1;1464.23
20/08/2024;Rio Amazonas;8.17;15.5;4561.97
21/08/2024;Rio Amazonas;8.29;41.9;1787.81
22/08/2024;Rio Amazonas;7.62;44.9;2263.78
23/08/2024;Rio Amazonas;8.38;24.1;3008.98
24/08/2024;Rio Amazonas;6.51;41.5;2712.26
25/08/2024;Rio Amazonas;6.28;29.9;1869.93
26/08/2024;Rio Amazonas;5.12;47.1;2802.47
27/08/2024;Rio Amazonas;8;6.6;2684.58
28/08/2024;Rio Amazonas;4.1;32.3;2951.97
29/08/2024;Rio Amazonas;9.44;49.2;1603.87
30/08/2024;Rio Amazonas;8.44;49.4;3212.91
31/08/2024;Rio Amazonas;9.38;13.5;4075.1
01/09/2024;Rio Amazonas;9.94;12.8;2539.65
02/09/2024;Rio Amazonas;5.73;6.3;4770.77
03/09/2024;Rio Amazonas;5.07;28.7;4893.02
04/09/2024;Rio Amazonas;4.01;35.2;2992.5
05/09/2024;Rio Amazonas;5.46;0.1;1343.12
06/09/2024;Rio Amazonas;9.74;22.6;2851.66
07/09/2024;Rio Amazonas;5.04;9.9;4453.93
08/09/2024;Rio Amazonas;4.92;23.1;3305.04
09/09/2024;Rio Amazonas;7.28;27.5;3401.68
10/09/2024;Rio Amazonas;8.53;22.3;4018.81
11/09/2024;Rio Amazonas;8.16;9.4;4530.92
12/09/2024;Rio Amazonas;9.65;29;4472.87
13/09/2024;Rio Amazonas;6.69;11.3;4161.48
14/09/2024;Rio Amazonas;5.5;27.6;1424.09
15/09/2024;Rio Amazonas;7.88;2.6;3758.88
16/09/2024;Rio Amazonas;5.96;23.1;4539.15
17/09/2024;Rio Amazonas;5.65;39.3;1110.52
18/09/2024;Rio Amazonas;9.8;49.3;2347.04
19/09/2024;Rio Amazonas;8.41;36.1;2333.53
20/09/2024;Rio Amazonas;6.52;45.4;1996.81
21/09/2024;Rio Amazonas;4.7;33.6;1882.62
22/09/2024;Rio Amazonas;5.19;30.5;3733.52
23/09/2024;Rio Amazonas;7.94;10.8;4114.98
24/09/2024;Rio Amazonas;7.57;29.6;1564.04
25/09/2024;Rio Amazonas;9.07;28.2;2453.12
26/09/2024;Rio Amazonas;8.68;15.2;3947.49
27/09/2024;Rio Amazonas;4.73;40.3;2223.61
28/09/2024;Rio Amazonas;6.57;33.4;1436.96
29/09/2024;Rio Amazonas;6.57;25.7;1400.94
30/09/2024;Rio Amazonas;6.04;30.2;3507.94
01/10/2024;Rio Amazonas;8.64;20.9;1111.89
02/10/2024;Rio Amazonas;8.81;0.2;1360.36
03/10/2024;Rio Amazonas;8.13;30.7;1719.93
04/10/2024;Rio Amazonas;8.36;49.3;4685.94
05/10/2024;Rio Amazonas;4.87;8.4;2028.78
06/10/2024;Rio Amazonas;5.56;38.1;1829.49
07/10/2024;Rio Amazonas;4.73;46.1;3594.62
08/10/2024;Rio Amazonas;4.6;46.1;1899.9
09/10/2024;Rio Amazonas;7.2;20.4;2408.18
10/10/2024;Rio Amazonas;7.54;11.4;3790.41
11/10/2024;Rio Amazonas;5.43;39;4738.98
12/10/2024;Rio Amazonas;7.37;40.2;4799.65
13/10/2024;Rio Amazonas;7.55;47;2472.57
14/10/2024;Rio Amazonas;7.36;17.6;1256.66
15/10/2024;Rio Amazonas;7.33;34.4;1885.88
16/10/2024;Rio Amazonas;7.67;25.5;4283.17
17/10/2024;Rio Amazonas;6.11;25.4;1762.53
18/10/2024;Rio Amazonas;8.23;8.1;2962.92
19/10/2024;Rio Amazonas;5.53;11.6;2816.62
20/10/2024;Rio Amazonas;9.18;4.2;3622.28
21/10/2024;Rio Amazonas;5.07;32.6;3771.91
22/10/2024;Rio Amazonas;4.2;10;3867.91
23/10/2024;Rio Amazonas;8.9;23.6;2973.45
24/10/2024;Rio Amazonas;4.05;34.8;2943.54
25/10/2024;Rio Amazonas;4.11;36.5;1958.9
26/10/2024;Rio Amazonas;4.95;7.9;2065.29
27/10/2024;Rio Amazonas;8.82;35.9;2306.19
28/10/2024;Rio Amazonas;6.01;20.7;2457.98
29/10/2024;Rio Amazonas;8.59;26.4;1294.88
30/10/2024;Rio Amazonas;4.88;48.7;3950.65
31/10/2024;Rio Amazonas;7.61;48.1;1685.48
01/11/2024;Rio Amazonas;6.46;4.9;4314.82
02/11/2024;Rio Amazonas;9.04;9.8;2736.55
03/11/2024;Rio Amazonas;9.96;18.7;4307.23
04/11/2024;Rio Amazonas;6;48.5;1493.77
05/11/2024;Rio Amazonas;4.66;0.9;2330.4
06/11/2024;Rio Amazonas;4.65;25;1318.65
07/11/2024;Rio Amazonas;9.87;3.9;2688.97
08/11/2024;Rio Amazonas;7.13;12.9;1286.8
09/11/2024;Rio Amazonas;7.31;34.8;2731.9
10/11/2024;Rio Amazonas;9.05;14.1;3266.98
11/11/2024;Rio Amazonas;6.01;8.9;2233.86
12/11/2024;Rio Amazonas;9.85;48.9;1915.24
13/11/2024;Rio Amazonas;8.75;2.2;4626.44
14/11/2024;Rio Amazonas;8.9;43.8;2777.07
15/11/2024;Rio Amazonas;5.66;44.7;1234.8
16/11/2024;Rio Amazonas;5.88;37.9;2736.51
17/11/2024;Rio Amazonas;8.77;18.8;2343.5
18/11/2024;Rio Amazonas;6.48;16.3;3974.29
19/11/2024;Rio Amazonas;8.86;36.1;3393.73
20/11/2024;Rio Amazonas;8.54;13.6;3577.16
21/11/2024;Rio Amazonas;6.13;9.6;3522.42
22/11/2024;Rio Amazonas;4.25;31.2;2400.71
23/11/2024;Rio Amazonas;7;2.7;1690.26
24/11/2024;Rio Amazonas;4.97;10.7;1457.88
25/11/2024;Rio Amazonas;9.03;1.6;3982.26
26/11/2024;Rio Amazonas;4.69;3.2;4514.91
27/11/2024;Rio Amazonas;8.68;46.5;3235.12
28/11/2024;Rio Amazonas;6.51;39.6;4616.26
29/11/2024;Rio Amazonas;7.9;12.9;3740.68
30/11/2024;Rio Amazonas;7.29;1.6;4245.39
01/12/2024;Rio Amazonas;6.88;2.9;2555.07
02/12/2024;Rio Amazonas;7.67;22.6;1064.99
03/12/2024;Rio Amazonas;7.74;6.9;2905.2
04/12/2024;Rio Amazonas;5.37;44.5;2191.35
05/12/2024;Rio Amazonas;6.47;50;2868.09
06/12/2024;Rio Amazonas;9.97;13.2;2335.2
07/12/2024;Rio Amazonas;9.76;22;3717.64
08/12/2024;Rio Amazonas;8.25;26.5;4199.82
09/12/2024;Rio Amazonas;9.13;29.9;2957.99
10/12/2024;Rio Amazonas;7.3;39.1;3817.71
11/12/2024;Rio Amazonas;6.06;24.9;3419.13
12/12/2024;Rio Amazonas;7.24;30;1462.73
13/12/2024;Rio Amazonas;7.08;5.8;2600.02
14/12/2024;Rio Amazonas;6.38;17.1;2917.86
15/12/2024;Rio Amazonas;8.58;33.4;4356.37
16/12/2024;Rio Amazonas;7.09;3.4;4835.17
17/12/2024;Rio Amazonas;7.62;1.2;1825.98
18/12/2024;Rio Amazonas;4.35;36.2;4467.69
19/12/2024;Rio Amazonas;6.83;1;2971.92
20/12/2024;Rio Amazonas;6.36;26.3;2693.51
21/12/2024;Rio Amazonas;5.41;42.5;2797.86
22/12/2024;Rio Amazonas;5.56;43.8;2716.4
23/12/2024;Rio Amazonas;4.34;49.8;1006.15
24/12/2024;Rio Amazonas;5.47;27.4;4688.06
25/12/2024;Rio Amazonas;4.23;10.5;4192.12
26/12/2024;Rio Amazonas;6.82;0.2;1782.58
27/12/2024;Rio Amazonas;4.5;49.1;1714.96
28/12/2024;Rio Amazonas;9.85;0.2;2844.89
29/12/2024;Rio Amazonas;5.19;15.4;2662.29
30/12/2024;Rio Amazonas;7.37;11.1;2943.95
31/12/2024;Rio Amazonas;8.79;21.3;1326.61
01/01/2024;Rio Tocantins;9.36;29.2;2696.39
02/01/2024;Rio Tocantins;6.24;6;4023.99
03/01/2024;Rio Tocantins;9.65;25.5;3867.01
04/01/2024;Rio Tocantins;9.24;15.5;1887.65
05/01/2024;Rio Tocantins;7.82;27.8;2716.9
06/01/2024;Rio Tocantins;4.1;40;2800.1
07/01/2024;Rio Tocantins;9.56;17.9;3216.82
08/01/2024;Rio Tocantins;6.33;19.4;4824.66
09/01/2024;Rio Tocantins;5.24;5.3;1495.54
10/01/2024;Rio Tocantins;7.02;34.8;1728.46
11/01/2024;Rio Tocantins;7.31;32.2;4254.47
12/01/2024;Rio Tocantins;4;24.5;1202.03
13/01/2024;Rio Tocantins;4.1;20.1;3558.12
14/01/2024;Rio Tocantins;9.65;4.7;2224.06
15/01/2024;Rio Tocantins;8.76;24.3;4927.83
16/01/2024;Rio Tocantins;6.17;30.4;1238.45
17/01/2024;Rio Tocantins;5.66;8.2;3407.05
18/01/2024;Rio Tocantins;4.06;45.5;2556.24
19/01/2024;Rio Tocantins;6.88;34.1;3289.86
20/01/2024;Rio Tocantins;7.55;10.1;4105.26
21/01/2024;Rio Tocantins;6.48;9.6;1974.78
22/01/2024;Rio Tocantins;7.13;10.4;2909.6
23/01/2024;Rio Tocantins;7.03;8.1;1899.67
24/01/2024;Rio Tocantins;5.53;23.2;4463.5
25/01/2024;Rio Tocantins;4.84;41.7;3740.7
26/01/2024;Rio Tocantins;9.31;9.2;4692.01
27/01/2024;Rio Tocantins;7.92;47.9;4858.42
28/01/2024;Rio Tocantins;8.48;26.1;4772.06
29/01/2024;Rio Tocantins;5.07;38;2622.74
30/01/2024;Rio Tocantins;5.08;38.6;2756.72
31/01/2024;Rio Tocantins;7.74;33.6;3613.92
01/02/2024;Rio Tocantins;5.57;5;2386.17
02/02/2024;Rio Tocantins;6.73;22.8;3060.04
03/02/2024;Rio Tocantins;4.8;22;1335.54
04/02/2024;Rio Tocantins;5.1;40.1;4725.05
05/02/2024;Rio Tocantins;6.43;34;1155.64
06/02/2024;Rio Tocantins;9.17;18.7;4663.87
07/02/2024;Rio Tocantins;5.56;3.3;2287.75
08/02/2024;Rio Tocantins;6.77;3.9;4533.18
09/02/2024;Rio Tocantins;8.03;26.2;2948.13
10/02/2024;Rio Tocantins;7.61;6.6;4820.74
11/02/2024;Rio Tocantins;5.08;5.5;2402.41
12/02/2024;Rio Tocantins;7.79;30.6;4199.04
13/02/2024;Rio Tocantins;5.2;37.7;3339.27
14/02/2024;Rio Tocantins;6.69;26.8;1631.1
15/02/2024;Rio Tocantins;4.73;48.7;3595.97
16/02/2024;Rio Tocantins;6.89;19.4;2761.41
17/02/2024;Rio Tocantins;9.8;1.3;4406.03
18/02/2024;Rio Tocantins;6.13;41.7;1678.34
19/02/2024;Rio Tocantins;4.88;32.6;1675.84
20/02/2024;Rio Tocantins;9.49;2;3698.19
21/02/2024;Rio Tocantins;8.78;16.8;4984.55
22/02/2024;Rio Tocantins;4.52;48.5;1420.95
23/02/2024;Rio Tocantins;6.94;27.8;4698.23
24/02/2024;Rio Tocantins;6.03;30.3;1432.49
25/02/2024;Rio Tocantins;9.68;0.7;3666.25
26/02/2024;Rio Tocantins;9.32;10.9;1284.38
27/02/2024;Rio Tocantins;8.16;22.6;3280.54
28/02/2024;Rio Tocantins;9.61;48.5;2293.87
29/02/2024;Rio Tocantins;5.53;32.4;1516.86
01/03/2024;Rio Tocantins;7.42;43.9;3445.8
02/03/2024;Rio Tocantins;8.34;22.3;1785.17
03/03/2024;Rio Tocantins;4.1;2.6;3363.26
04/03/2024;Rio Tocantins;4.95;32;1736.12
05/03/2024;Rio Tocantins;7.85;38.6;2611.64
06/03/2024;Rio Tocantins;9.94;18.9;3924.21
07/03/2024;Rio Tocantins;7.01;5.2;4424.14
08/03/2024;Rio Tocantins;6.46;13.5;4123.86
09/03/2024;Rio Tocantins;4.78;15.6;4772.74
10/03/2024;Rio Tocantins;9.49;34.2;1418.36
11/03/2024;Rio Tocantins;6.76;36.9;1252.87
12/03/2024;Rio Tocantins;8.76;34.1;4093.65
13/03/2024;Rio Tocantins;8.25;33.7;3002.45
14/03/2024;Rio Tocantins;8.71;7.2;3447.64
15/03/2024;Rio Tocantins;4.05;28.4;1488.49
16/03/2024;Rio Tocantins;6.08;18.4;1549.34
17/03/2024;Rio Tocantins;4.37;11.1;4110.72
18/03/2024;Rio Tocantins;4.58;42.8;2916.02
19/03/2024;Rio Tocantins;4.99;10.1;4593.9
20/03/2024;Rio Tocantins;7.8;43.7;3196.43
21/03/2024;Rio Tocantins;8.61;27.6;3433.59
22/03/2024;Rio Tocantins;5.76;6.8;3949.16
23/03/2024;Rio Tocantins;7.85;45.1;1002.58
24/03/2024;Rio Tocantins;7.64;18.1;2003.31
25/03/2024;Rio Tocantins;4.93;9.6;1087.32
26/03/2024;Rio Tocantins;8.49;24.6;3556.61
27/03/2024;Rio Tocantins;9.56;34.6;4728.09
28/03/2024;Rio Tocantins;5.52;23.8;2378.06
29/03/2024;Rio Tocantins;7.18;31.9;1677.45
30/03/2024;Rio Tocantins;6.44;34.8;4575.73
31/03/2024;Rio Tocantins;6.92;13.4;3591.17
01/04/2024;Rio Tocantins;5.33;35.1;1852.17
02/04/2024;Rio Tocantins;7.7;21.3;4446.04
03/04/2024;Rio Tocantins;9.87;16.6;1977.91
04/04/2024;Rio Tocantins;5.71;46.2;4572.8
05/04/2024;Rio Tocantins;4.26;1;2177.79
06/04/2024;Rio Tocantins;9.04;10.3;1573.15
07/04/2024;Rio Tocantins;4.98;16.8;2504.01
08/04/2024;Rio Tocantins;6.77;34.8;4874.77
09/04/2024;Rio Tocantins;8.85;11.5;2549.12
10/04/2024;Rio Tocantins;4.91;25.9;2048.55
11/04/2024;Rio Tocantins;4.27;30.7;2057.61
12/04/2024;Rio Tocantins;5.43;21.8;4120.99
13/04/2024;Rio Tocantins;5.91;12.4;1167.38
14/04/2024;Rio Tocantins;4.17;17;3352.47
15/04/2024;Rio Tocantins;5.52;42.1;4221.81
16/04/2024;Rio Tocantins;7.07;7.3;2928.48
17/04/2024;Rio Tocantins;6.5;19.3;2514.02
18/04/2024;Rio Tocantins;7.39;27.5;2750.42
19/04/2024;Rio Tocantins;6.51;9.6;4552.1
20/04/2024;Rio Tocantins;8.24;34.5;1577.66
21/04/2024;Rio Tocantins;8.07;33.2;1634.11
22/04/2024;Rio Tocantins;6.91;30.7;2652.72
23/04/2024;Rio Tocantins;8.05;23.4;4672.39
24/04/2024;Rio Tocantins;8.79;28.2;1737.93
25/04/2024;Rio Tocantins;9.05;26.2;2503.68
26/04/2024;Rio Tocantins;6.99;39.4;1680.4
27/04/2024;Rio Tocantins;6.19;41.6;2384.45
28/04/2024;Rio Tocantins;5.18;6.6;3384.54
29/04/2024;Rio Tocantins;4.86;5.7;2715.93
30/04/2024;Rio Tocantins;7.28;41.1;2168.13
01/05/2024;Rio Tocantins;9.6;19.6;3037.18
02/05/2024;Rio Tocantins;8.94;34;3714.46
03/05/2024;Rio Tocantins;4.13;21.2;2674.87
04/05/2024;Rio Tocantins;7.66;45.9;3077
05/05/2024;Rio Tocantins;8.71;28.7;3143.42
06/05/2024;Rio Tocantins;4.33;10.7;1293.13
07/05/2024;Rio Tocantins;5.33;0.3;4805.51
08/05/2024;Rio Tocantins;7.11;27.5;3694.36
09/05/2024;Rio Tocantins;9.88;12.6;4863.12
10/05/2024;Rio Tocantins;5.34;35;4171.72
11/05/2024;Rio Tocantins;4.02;7.9;4328.92
12/05/2024;Rio Tocantins;6.78;29.6;2273.13
13/05/2024;Rio Tocantins;4.11;10.1;3190.05
14/05/2024;Rio Tocantins;6.69;22.1;1112.41
15/05/2024;Rio Tocantins;9.1;18.4;2536.49
16/05/2024;Rio Tocantins;8.6;49.8;3518.83
17/05/2024;Rio Tocantins;7.36;2.7;2234.4
18/05/2024;Rio Tocantins;5.76;41.3;3396.13
19/05/2024;Rio Tocantins;6.55;22.7;1347.1
20/05/2024;Rio Tocantins;6.08;45.4;3629.02
21/05/2024;Rio Tocantins;9.82;10.8;2347.42
22/05/2024;Rio Tocantins;6.36;37.3;1540.93
23/05/2024;Rio Tocantins;5.19;49.9;3628.35
24/05/2024;Rio Tocantins;6.07;39.2;3531.08
25/05/2024;Rio Tocantins;8.11;21.7;3178.97
26/05/2024;Rio Tocantins;5.83;36.6;1965.81
27/05/2024;Rio Tocantins;4.74;10;1036.1
28/05/2024;Rio Tocantins;9.98;24.3;4646.73
29/05/2024;Rio Tocantins;6.72;21.5;3236.76
30/05/2024;Rio Tocantins;5.24;1.5;4315.01
31/05/2024;Rio Tocantins;5.6;32.6;4291.64
01/06/2024;Rio Tocantins;6.41;16.2;4701.31
02/06/2024;Rio Tocantins;8.66;49.7;4592
03/06/2024;Rio Tocantins;6.97;10.5;1936.09
04/06/2024;Rio Tocantins;9.56;7.1;1609.46
05/06/2024;Rio Tocantins;4.06;34.9;2630.33
06/06/2024;Rio Tocantins;4.06;15.9;1408.2
07/06/2024;Rio Tocantins;5.11;17;2563.86
08/06/2024;Rio Tocantins;5.53;46.3;4057.69
09/06/2024;Rio Tocantins;5.81;43.4;1420.08
10/06/2024;Rio Tocantins;4.71;36.2;3494.96
11/06/2024;Rio Tocantins;6.28;5.9;2770.39
12/06/2024;Rio Tocantins;9.11;8.9;4402.24
13/06/2024;Rio Tocantins;9.46;42.3;1853.37
14/06/2024;Rio Tocantins;6.87;20.9;2108.31
15/06/2024;Rio Tocantins;5.76;18.4;3539.46
16/06/2024;Rio Tocantins;4.32;36.4;3346.89
17/06/2024;Rio Tocantins;4.18;14.9;1535.87
18/06/2024;Rio Tocantins;9.71;39.1;2791.03
19/06/2024;Rio Tocantins;7.96;36.5;3349.97
20/06/2024;Rio Tocantins;4.21;18.7;1076.91
21/06/2024;Rio Tocantins;4.54;6.5;3130.46
22/06/2024;Rio Tocantins;9.29;4.8;4312.18
23/06/2024;Rio Tocantins;6.74;33.1;3228.43
24/06/2024;Rio Tocantins;7.45;45.9;3387.03
25/06/2024;Rio Tocantins;6.42;16.5;3848.55
26/06/2024;Rio Tocantins;9.7;16.9;1901.68
27/06/2024;Rio Tocantins;8.89;9;4986.03
28/06/2024;Rio Tocantins;4.08;34.6;1195.27
29/06/2024;Rio Tocantins;8.97;2.2;3528.12
30/06/2024;Rio Tocantins;7.81;6;4819.02
01/07/2024;Rio Tocantins;6.66;17.9;4016.95
02/07/2024;Rio Tocantins;7.6;26.8;2398.46
03/07/2024;Rio Tocantins;5.89;43.1;3084.6
04/07/2024;Rio Tocantins;7.38;32.5;3818.24
05/07/2024;Rio Tocantins;7.04;44;2720.24
06/07/2024;Rio Tocantins;7.86;25.5;3556.74
07/07/2024;Rio Tocantins;5.94;49.1;2538.82
08/07/2024;Rio Tocantins;4.43;25.5;3592.51
09/07/2024;Rio Tocantins;5.54;0.5;4763.17
10/07/2024;Rio Tocantins;9.8;19.9;2027.58
11/07/2024;Rio Tocantins;5.1;20.5;1800.55
12/07/2024;Rio Tocantins;8.51;6.5;3774.54
13/07/2024;Rio Tocantins;8.79;39.5;1444.29
14/07/2024;Rio Tocantins;6.67;7.6;4121.98
15/07/2024;Rio Tocantins;9.05;29.5;1101.57
16/07/2024;Rio Tocantins;7;45.2;2139.1
17/07/2024;Rio Tocantins;9.11;49.5;3935.77
18/07/2024;Rio Tocantins;7.63;12.1;2840.9
19/07/2024;Rio Tocantins;7.52;13.9;2610.98
20/07/2024;Rio Tocantins;9.61;33.7;2563.2
21/07/2024;Rio Tocantins;4.55;32;1549.98
22/07/2024;Rio Tocantins;5.31;8.4;2332.41
23/07/2024;Rio Tocantins;5.97;9.8;1616.82
24/07/2024;Rio Tocantins;8.55;0.7;4223.05
25/07/2024;Rio Tocantins;5.42;49.5;1463.78
26/07/2024;Rio Tocantins;8.84;3.3;1731.91
27/07/2024;Rio Tocantins;8.5;17.5;3903.55
28/07/2024;Rio Tocantins;8.29;5.6;1782.31
29/07/2024;Rio Tocantins;6.14;10.5;3839.13
30/07/2024;Rio Tocantins;4.84;13.7;1275.47
31/07/2024;Rio Tocantins;5.85;47.2;4670.14
01/08/2024;Rio Tocantins;4.44;28;4051
02/08/2024;Rio Tocantins;6.11;32;3847.38
03/08/2024;Rio Tocantins;8.68;17;3228.61
04/08/2024;Rio Tocantins;4.72;45.6;4359.15
05/08/2024;Rio Tocantins;8.22;31.2;3353.17
06/08/2024;Rio Tocantins;5.75;5.1;2753.13
07/08/2024;Rio Tocantins;6.35;13.7;1038.28
08/08/2024;Rio Tocantins;9.1;0.2;2760.99
09/08/2024;Rio Tocantins;8.15;6.9;2014.46
10/08/2024;Rio Tocantins;8.01;49.1;3648.84
11/08/2024;Rio Tocantins;6.53;13.2;3633.13
12/08/2024;Rio Tocantins;4.09;10.9;4932.12
13/08/2024;Rio Tocantins;7.61;26.5;4526.06
14/08/2024;Rio Tocantins;5.89;49;1042.1
15/08/2024;Rio Tocantins;9.15;5.2;2990.21
16/08/2024;Rio Tocantins;5.47;30.2;3747.23
17/08/2024;Rio Tocantins;7.44;48.2;4656.01
18/08/2024;Rio Tocantins;4.2;43.6;2358.72
19/08/2024;Rio Tocantins;4.64;24.5;2973.22
20/08/2024;Rio Tocantins;5.31;0.7;2167.23
21/08/2024;Rio Tocantins;6.55;9.8;1134.04
22/08/2024;Rio Tocantins;7.15;25.2;3521.52
23/08/2024;Rio Tocantins;8.45;15.1;3600.11
24/08/2024;Rio Tocantins;9.36;30.9;2776.33
25/08/2024;Rio Tocantins;6.93;43.8;1158.24
26/08/2024;Rio Tocantins;7.79;1.7;2978.96
27/08/2024;Rio Tocantins;4.43;12.9;3978.56
28/08/2024;Rio Tocantins;7.02;4;3081.21
29/08/2024;Rio Tocantins;9.63;44.4;1116.18
30/08/2024;Rio Tocantins;9.37;40.8;4272.27
31/08/2024;Rio Tocantins;4.47;49.5;4595.35
01/09/2024;Rio Tocantins;8.07;21;4015.54
02/09/2024;Rio Tocantins;9.4;1.4;1086.72
03/09/2024;Rio Tocantins;6.74;43.6;1152.31
04/09/2024;Rio Tocantins;9.26;15.3;3785.87
05/09/2024;Rio Tocantins;6.98;1.1;4018.4
06/09/2024;Rio Tocantins;5.94;18.1;4606.98
07/09/2024;Rio Tocantins;7.81;8.7;4190.66
08/09/2024;Rio Tocantins;5.79;34;2501.19
09/09/2024;Rio Tocantins;6.53;13.2;3663.16
10/09/2024;Rio Tocantins;7.64;21.7;1237.2
11/09/2024;Rio Tocantins;7.43;47.3;1710.21
12/09/2024;Rio Tocantins;9.13;17.7;4890.41
13/09/2024;Rio Tocantins;9.7;27.9;2351.4
14/09/2024;Rio Tocantins;4.02;23.5;2071.27
15/09/2024;Rio Tocantins;5.94;11.5;3325.11
16/09/2024;Rio Tocantins;9.01;28.3;4990.65
17/09/2024;Rio Tocantins;4.92;26.2;4073.75
18/09/2024;Rio Tocantins;6.98;34.8;2815.72
19/09/2024;Rio Tocantins;5.09;25.1;3800.17
20/09/2024;Rio Tocantins;6.61;36.6;3064.03
21/09/2024;Rio Tocantins;8.39;26.6;4186.21
22/09/2024;Rio Tocantins;8.28;16.5;1078.45
23/09/2024;Rio Tocantins;4.75;19.4;3929.97
24/09/2024;Rio Tocantins;4.93;32.8;4909.98
25/09/2024;Rio Tocantins;5.74;33;3305.34
26/09/2024;Rio Tocantins;5.54;26.2;4270.13
27/09/2024;Rio Tocantins;8.24;38;1515.59
28/09/2024;Rio Tocantins;6.95;17.3;1617.45
29/09/2024;Rio Tocantins;4.79;20.4;3984.03
30/09/2024;Rio Tocantins;4.77;34.7;2180.65
01/10/2024;Rio Tocantins;9.67;28.4;4457.64
02/10/2024;Rio Tocantins;4.14;0;1013.86
03/10/2024;Rio Tocantins;4.76;16.2;1884.16
04/10/2024;Rio Tocantins;7.64;2.2;1164.72
05/10/2024;Rio Tocantins;9.06;10;1715.76
06/10/2024;Rio Tocantins;4.76;48.8;4055.96
07/10/2024;Rio Tocantins;7.29;6.1;4864.68
08/10/2024;Rio Tocantins;8.1;25.4;1135.22
09/10/2024;Rio Tocantins;8.34;0.2;2181.25
10/10/2024;Rio Tocantins;7.15;49;2598.48
11/10/2024;Rio Tocantins;8.6;22.8;1311.29
12/10/2024;Rio Tocantins;4.58;44.7;2036.12
13/10/2024;Rio Tocantins;9.87;18.9;1524.6
14/10/2024;Rio Tocantins;5.86;11.9;3555.58
15/10/2024;Rio Tocantins;4.33;43.8;4053.93
16/10/2024;Rio Tocantins;8.21;18.4;3199.66
17/10/2024;Rio Tocantins;4.46;11.3;3380.31
18/10/2024;Rio Tocantins;4.14;14.9;3183.04
19/10/2024;Rio Tocantins;5.2;44.8;3209.22
20/10/2024;Rio Tocantins;7.18;33;3248.42
21/10/2024;Rio Tocantins;9.49;9.3;1603.43
22/10/2024;Rio Tocantins;8.61;17.1;2000.48
23/10/2024;Rio Tocantins;9.16;23.1;2100.63
24/10/2024;Rio Tocantins;6.08;30.9;1701.67
25/10/2024;Rio Tocantins;7.39;38.3;2335.99
26/10/2024;Rio Tocantins;7.47;28.7;1739.35
27/10/2024;Rio Tocantins;7.3;36.9;2872.83
28/10/2024;Rio Tocantins;6.04;24;3484.24
29/10/2024;Rio Tocantins;5.85;45.8;3234.95
30/10/2024;Rio Tocantins;9.1;20.3;1109.77
31/10/2024;Rio Tocantins;5.12;21.3;2289.55
01/11/2024;Rio Tocantins;9.5;46.3;3483.4
02/11/2024;Rio Tocantins;9.8;46.3;4649.99
03/11/2024;Rio Tocantins;7.83;10.3;3666.57
04/11/2024;Rio Tocantins;7.62;6.6;4736.72
05/11/2024;Rio Tocantins;4.05;4.3;4599.29
06/11/2024;Rio Tocantins;7.52;44.8;4143.61
07/11/2024;Rio Tocantins;7.75;26.8;4310.58
08/11/2024;Rio Tocantins;7.19;42.2;3678.61
09/11/2024;Rio Tocantins;8.38;44.4;2181.29
10/11/2024;Rio Tocantins;6.59;8.7;1648.55
11/11/2024;Rio Tocantins;7.93;13;4951.05
12/11/2024;Rio Tocantins;9.25;10.4;3552.15
13/11/2024;Rio Tocantins;8.61;42;4292.69
14/11/2024;Rio Tocantins;7.3;5.6;1694.1
15/11/2024;Rio Tocantins;7;15.8;3565.15
16/11/2024;Rio Tocantins;5.72;11.7;3791.55
17/11/2024;Rio Tocantins;5.19;14;1956.86
18/11/2024;Rio Tocantins;8.24;38.7;3489.99
19/11/2024;Rio Tocantins;7.66;23.8;1042.49
20/11/2024;Rio Tocantins;9.8;21.1;4682.68
21/11/2024;Rio Tocantins;5.74;15.8;4339.73
22/11/2024;Rio Tocantins;7.33;13.8;1602.03
23/11/2024;Rio Tocantins;7.48;45.8;4174.01
24/11/2024;Rio Tocantins;4.44;1.5;1561.61
25/11/2024;Rio Tocantins;5.13;23.4;1145.71
26/11/2024;Rio Tocantins;6.79;7.9;4486.41
27/11/2024;Rio Tocantins;6.42;32.8;1136.43
28/11/2024;Rio Tocantins;8.69;29.4;3111.36
29/11/2024;Rio Tocantins;4.23;16;4975.55
30/11/2024;Rio Tocantins;5.9;32.9;2247.27
01/12/2024;Rio Tocantins;8.07;8.3;4013.58
02/12/2024;Rio Tocantins;9.31;35.2;3159.01
03/12/2024;Rio Tocantins;4.01;16.1;4642.99
04/12/2024;Rio Tocantins;9.6;36.6;2152.26
05/12/2024;Rio Tocantins;6.14;10.5;4298.43
06/12/2024;Rio Tocantins;5.16;23.3;1464.93
07/12/2024;Rio Tocantins;5.66;47.3;2908.66
08/12/2024;Rio Tocantins;4;34;3997.79
09/12/2024;Rio Tocantins;9.67;27.9;3678.21
10/12/2024;Rio Tocantins;9.66;7.8;3303.36
11/12/2024;Rio Tocantins;6.75;2;1710.78
12/12/2024;Rio Tocantins;7.36;46.9;1656.83
13/12/2024;Rio Tocantins;6.55;34.3;3588.03
14/12/2024;Rio Tocantins;9.42;36.8;3703.77
15/12/2024;Rio Tocantins;7.21;0.2;1303.58
16/12/2024;Rio Tocantins;8.33;33.5;2538.38
17/12/2024;Rio Tocantins;9.62;1.5;2776.99
18/12/2024;Rio Tocantins;8.97;22.4;1158.73
19/12/2024;Rio Tocantins;8.68;47.8;4084.23
20/12/2024;Rio Tocantins;4.38;9.4;1311.38
21/12/2024;Rio Tocantins;4.79;9.4;2575.73
22/12/2024;Rio Tocantins;6.29;15.4;3826.86
23/12/2024;Rio Tocantins;4.55;0.5;1144.44
24/12/2024;Rio Tocantins;9.3;2.5;4200.46
25/12/2024;Rio Tocantins;7.49;29.2;1169.79
26/12/2024;Rio Tocantins;7.81;44.7;4007.41
27/12/2024;Rio Tocantins;5.81;12;4767.86
28/12/2024;Rio Tocantins;6.87;16.8;4858.82
29/12/2024;Rio Tocantins;6.14;6.4;3000.88
30/12/2024;Rio Tocantins;6.42;32.8;2001.06
31/12/2024;Rio Tocantins;8;33.5;4669.18
01/01/2024;Rio São Francisco;6.76;31.7;2433.55
02/01/2024;Rio São Francisco;4.26;40.4;3027.75
03/01/2024;Rio São Francisco;5.33;22.2;1378.92
04/01/2024;Rio São Francisco;6.62;39.6;2852.85
05/01/2024;Rio São Francisco;7.21;10.1;3680.03
06/01/2024;Rio São Francisco;7.28;48.6;1495.65
07/01/2024;Rio São Francisco;7.54;26.4;4243.37
08/01/2024;Rio São Francisco;7.22;39.2;2267.83
09/01/2024;Rio São Francisco;5.73;32.3;3434.24
10/01/2024;Rio São Francisco;9.92;30.5;4485.99
11/01/2024;Rio São Francisco;5.45;12.3;1176.14
12/01/2024;Rio São Francisco;4.25;47.1;2141.96
13/01/2024;Rio São Francisco;6.28;9.9;4481.67
14/01/2024;Rio São Francisco;9.97;38;1540.96
15/01/2024;Rio São Francisco;9.41;36.1;3463.91
16/01/2024;Rio São Francisco;7.26;38;3446.59
17/01/2024;Rio São Francisco;9.4;39.2;2025.16
18/01/2024;Rio São Francisco;9.82;49.2;2535.35
19/01/2024;Rio São Francisco;4.81;9.6;4752.08
20/01/2024;Rio São Francisco;7.41;28.7;2666.59
21/01/2024;Rio São Francisco;9.26;23.3;1015.14
22/01/2024;Rio São Francisco;5.34;49.2;1023.81
23/01/2024;Rio São Francisco;4.27;12.6;3820.14
24/01/2024;Rio São Francisco;8.68;45.7;1753.5
25/01/2024;Rio São Francisco;8.59;37.3;2587.36
26/01/2024;Rio São Francisco;5.49;16.2;3577.81
27/01/2024;Rio São Francisco;5.8;34.2;1831.41
28/01/2024;Rio São Francisco;6.52;17.5;1873.63
29/01/2024;Rio São Francisco;7.2;47.8;1496.33
30/01/2024;Rio São Francisco;9.74;16.1;2625.07
31/01/2024;Rio São Francisco;7.82;12.7;2646.89
01/02/2024;Rio São Francisco;5.57;18.8;1209.12
02/02/2024;Rio São Francisco;9.82;12.1;2921.65
03/02/2024;Rio São Francisco;4.5;24.4;1697.2
04/02/2024;Rio São Francisco;6.15;21.7;4507.77
05/02/2024;Rio São Francisco;6.09;47.1;4385.01
06/02/2024;Rio São Francisco;7.97;10.5;4977.61
07/02/2024;Rio São Francisco;5.02;0.1;1400.62
08/02/2024;Rio São Francisco;4.66;44.8;2452.09
09/02/2024;Rio São Francisco;9.9;40.7;3326.74
10/02/2024;Rio São Francisco;4.23;11.6;4028.58
11/02/2024;Rio São Francisco;9.34;46.2;2100.23
12/02/2024;Rio São Francisco;6.38;18.6;1732.32
13/02/2024;Rio São Francisco;4.56;38;2009.46
14/02/2024;Rio São Francisco;9.51;3.4;4957.96
15/02/2024;Rio São Francisco;7.04;40.7;1893.61
16/02/2024;Rio São Francisco;9.19;7.6;4937.34
17/02/2024;Rio São Francisco;4.64;47.3;2352.05
18/02/2024;Rio São Francisco;8.16;11.2;3681.39
19/02/2024;Rio São Francisco;5.78;21.5;4739.74
20/02/2024;Rio São Francisco;9.28;18.8;1497.25
21/02/2024;Rio São Francisco;4.34;37.8;1041.32
22/02/2024;Rio São Francisco;6.3;5.6;3447.11
23/02/2024;Rio São Francisco;8.35;11.8;3952.2
24/02/2024;Rio São Francisco;8.09;13.4;3520.25
25/02/2024;Rio São Francisco;6.47;40.7;1955.83
26/02/2024;Rio São Francisco;4.68;29.3;1444.59
27/02/2024;Rio São Francisco;7.55;21.4;3051.58
28/02/2024;Rio São Francisco;6.38;32.3;1671.52
29/02/2024;Rio São Francisco;9.64;23.1;1523.99
01/03/2024;Rio São Francisco;6.14;23.2;2717.45
02/03/2024;Rio São Francisco;6.25;17.4;2936.82
03/03/2024;Rio São Francisco;6.5;7.2;3863.38
04/03/2024;Rio São Francisco;8.17;17.1;2940.08
05/03/2024;Rio São Francisco;7.83;47.2;4187.08
06/03/2024;Rio São Francisco;6.99;21.3;2420.94
07/03/2024;Rio São Francisco;4.45;39.9;1513.69
08/03/2024;Rio São Francisco;8.96;16.8;3377.12
09/03/2024;Rio São Francisco;4.82;6.4;1330.64
10/03/2024;Rio São Francisco;5.35;8.6;3695.84
11/03/2024;Rio São Francisco;4.43;44.7;4627.87
12/03/2024;Rio São Francisco;4.12;19.9;1519.31
13/03/2024;Rio São Francisco;6.99;3.2;1794.07
14/03/2024;Rio São Francisco;5.93;8.9;4017.24
15/03/2024;Rio São Francisco;4.81;9.6;4795.08
16/03/2024;Rio São Francisco;7.16;28.7;1255.84
17/03/2024;Rio São Francisco;8.29;49.3;2530.49
18/03/2024;Rio São Francisco;7.98;30.1;1842.76
19/03/2024;Rio São Francisco;4.65;24;1484.34
20/03/2024;Rio São Francisco;5.43;46.2;1095.02
21/03/2024;Rio São Francisco;6.62;46;1516.22
22/03/2024;Rio São Francisco;7.79;24.4;3487.49
23/03/2024;Rio São Francisco;4.49;23;4579.57
24/03/2024;Rio São Francisco;6.38;14.4;4694.1
25/03/2024;Rio São Francisco;9.85;23;1549.86
26/03/2024;Rio São Francisco;9.9;47.1;3899.79
27/03/2024;Rio São Francisco;6.6;32.2;4756.75
28/03/2024;Rio São Francisco;7.66;1.5;2390.22
29/03/2024;Rio São Francisco;8.9;22.3;1176.71
30/03/2024;Rio São Francisco;5.87;40.2;4851.39
31/03/2024;Rio São Francisco;8.44;20.5;4942.16
01/04/2024;Rio São Francisco;5.44;14.1;4749.31
02/04/2024;Rio São Francisco;4.36;38.5;2337.48
03/04/2024;Rio São Francisco;7.92;47.6;1001.94
04/04/2024;Rio São Francisco;4.45;45.1;4014.31
05/04/2024;Rio São Francisco;4.96;36.7;3314.16
06/04/2024;Rio São Francisco;5.08;2.4;3507.22
07/04/2024;Rio São Francisco;9.47;44;3396.89
08/04/2024;Rio São Francisco;6.36;43.8;4257.04
09/04/2024;Rio São Francisco;4.95;30.6;4346.25
10/04/2024;Rio São Francisco;6.32;43.9;3235.93
11/04/2024;Rio São Francisco;9.52;38.6;1481.43
12/04/2024;Rio São Francisco;8.28;12.1;4943.93
13/04/2024;Rio São Francisco;6.75;27.6;3325.24
14/04/2024;Rio São Francisco;6.68;27.5;3133.18
15/04/2024;Rio São Francisco;5.98;24.5;1249.2
16/04/2024;Rio São Francisco;6.63;26.2;3535.61
17/04/2024;Rio São Francisco;8.52;41;1569.47
18/04/2024;Rio São Francisco;6.86;32.5;1887.4
19/04/2024;Rio São Francisco;6.57;34.4;4330.16
20/04/2024;Rio São Francisco;5.77;31;4557.61
21/04/2024;Rio São Francisco;9.49;22;1362.88
22/04/2024;Rio São Francisco;8.06;1.4;2873.55
23/04/2024;Rio São Francisco;8.13;12.4;4575.93
24/04/2024;Rio São Francisco;7.1;28;2542.19
25/04/2024;Rio São Francisco;4.99;2.7;4687.78
26/04/2024;Rio São Francisco;6.66;36.9;4882.44
27/04/2024;Rio São Francisco;7.74;37.4;2735.73
28/04/2024;Rio São Francisco;5.22;48.1;2538.82
29/04/2024;Rio São Francisco;8.17;27.2;4447.98
30/04/2024;Rio São Francisco;5.93;17.2;4361.76
01/05/2024;Rio São Francisco;8.55;19.7;1304.25
02/05/2024;Rio São Francisco;8.41;41.6;2323.54
03/05/2024;Rio São Francisco;4.57;10.5;2217.38
04/05/2024;Rio São Francisco;7.35;0.9;2507.41
05/05/2024;Rio São Francisco;6.35;48;2125.23
06/05/2024;Rio São Francisco;9.54;44.1;3555.49
07/05/2024;Rio São Francisco;5.8;35.4;1105.39
08/05/2024;Rio São Francisco;8.68;8.3;2509.32
09/05/2024;Rio São Francisco;9.31;9.6;3485.67
10/05/2024;Rio São Francisco;9.92;35;4267.25
11/05/2024;Rio São Francisco;4.17;36.9;2181.35
12/05/2024;Rio São Francisco;9.3;45.6;4334.34
13/05/2024;Rio São Francisco;9.45;13.8;1138.97
14/05/2024;Rio São Francisco;4.98;11;1894.89
15/05/2024;Rio São Francisco;8.89;19.2;3874.92
16/05/2024;Rio São Francisco;4.39;27.1;4516.81
17/05/2024;Rio São Francisco;9.58;48.9;4346.87
18/05/2024;Rio São Francisco;8.46;35.3;2568.43
19/05/2024;Rio São Francisco;4.4;15.9;3732.9
20/05/2024;Rio São Francisco;5.8;48.5;1503.31
21/05/2024;Rio São Francisco;9.22;6.8;4461.36
22/05/2024;Rio São Francisco;5.69;15.2;1356.86
23/05/2024;Rio São Francisco;4.22;34.7;4083.83
24/05/2024;Rio São Francisco;6.74;22.7;3547.39
25/05/2024;Rio São Francisco;7.32;2.7;2045.81
26/05/2024;Rio São Francisco;7.87;13;4176.22
27/05/2024;Rio São Francisco;4.14;17;4833.54
28/05/2024;Rio São Francisco;7.31;5.6;4222.75
29/05/2024;Rio São Francisco;6;23.6;2925.16
30/05/2024;Rio São Francisco;9.9;32;3889.7
31/05/2024;Rio São Francisco;9.62;35.1;2748.98
01/06/2024;Rio São Francisco;7.06;45.6;1549.41
02/06/2024;Rio São Francisco;6.87;47.9;4890.73
03/06/2024;Rio São Francisco;5;39;1849.33
04/06/2024;Rio São Francisco;7.44;32.1;4451.83
05/06/2024;Rio São Francisco;6.25;1.8;4507.05
06/06/2024;Rio São Francisco;6.37;26.2;1457.88
07/06/2024;Rio São Francisco;8.58;48.5;2086.48
08/06/2024;Rio São Francisco;4.63;33.1;3313.5
09/06/2024;Rio São Francisco;4.64;32.3;3496.06
10/06/2024;Rio São Francisco;9.18;44.7;2916.11
11/06/2024;Rio São Francisco;6.17;23.4;4371.75
12/06/2024;Rio São Francisco;8.74;24.5;3328.44
13/06/2024;Rio São Francisco;7.06;40.9;2639.84
14/06/2024;Rio São Francisco;5.2;18.2;1723.06
15/06/2024;Rio São Francisco;9.78;5.5;2802.76
16/06/2024;Rio São Francisco;9.81;34.3;3073.48
17/06/2024;Rio São Francisco;8.23;36.8;2962.34
18/06/2024;Rio São Francisco;6.35;19.6;1117.73
19/06/2024;Rio São Francisco;8.58;20.7;3752.81
20/06/2024;Rio São Francisco;4.33;44.1;2755.73
21/06/2024;Rio São Francisco;7.42;42.9;4532.79
22/06/2024;Rio São Francisco;5.51;16.1;4564.57
23/06/2024;Rio São Francisco;7.99;38;4995.39
24/06/2024;Rio São Francisco;8.15;31.3;2767.77
25/06/2024;Rio São Francisco;6.35;33.7;1751.35
26/06/2024;Rio São Francisco;8.39;29.6;1641.94
27/06/2024;Rio São Francisco;9.18;22.1;2627.11
28/06/2024;Rio São Francisco;7.7;3.3;1992.46
29/06/2024;Rio São Francisco;9.94;27.5;1744.13
30/06/2024;Rio São Francisco;9.83;13.5;1163.69
01/07/2024;Rio São Francisco;7.16;3.3;2405.08
02/07/2024;Rio São Francisco;4.12;17.3;2356.2
03/07/2024;Rio São Francisco;8.86;29.8;1028.63
04/07/2024;Rio São Francisco;6.62;37.1;1668.28
05/07/2024;Rio São Francisco;9.75;40.5;1784.51
06/07/2024;Rio São Francisco;9.64;0.5;1722.46
07/07/2024;Rio São Francisco;7.73;25.3;3228.07
08/07/2024;Rio São Francisco;5.65;49.2;4300.76
09/07/2024;Rio São Francisco;8.97;4.3;3248.2
10/07/2024;Rio São Francisco;5.46;1.3;2975.22
11/07/2024;Rio São Francisco;5.45;8.7;3887.93
12/07/2024;Rio São Francisco;9.25;31.3;1798.08
13/07/2024;Rio São Francisco;9.59;1.4;3381.99
14/07/2024;Rio São Francisco;9.45;0.1;1651.51
15/07/2024;Rio São Francisco;9.84;35.4;1127.81
16/07/2024;Rio São Francisco;7.99;6.5;2178.06
17/07/2024;Rio São Francisco;9.32;41;1114.8
18/07/2024;Rio São Francisco;9.53;37.1;2425.79
19/07/2024;Rio São Francisco;5.86;7.6;2941.41
20/07/2024;Rio São Francisco;4.31;14.2;4560.63
21/07/2024;Rio São Francisco;8.39;6.3;4418.49
22/07/2024;Rio São Francisco;8.84;19.6;2075.43
23/07/2024;Rio São Francisco;9.18;3.8;4263.85
24/07/2024;Rio São Francisco;8.38;38.2;2184.32
25/07/2024;Rio São Francisco;9.14;23.1;2800.66
26/07/2024;Rio São Francisco;5.21;16.9;2431.46
27/07/2024;Rio São Francisco;8.56;22.1;1878.86
28/07/2024;Rio São Francisco;8.59;22.5;3794.06
29/07/2024;Rio São Francisco;9.47;10.8;2652.13
30/07/2024;Rio São Francisco;8.84;36.6;1906.76
31/07/2024;Rio São Francisco;6.79;46;3703.64
01/08/2024;Rio São Francisco;6.84;20.6;3513.33
02/08/2024;Rio São Francisco;7.4;26.3;2929.61
03/08/2024;Rio São Francisco;5.29;33.1;3134.9
04/08/2024;Rio São Francisco;6.48;23.7;1124.14
05/08/2024;Rio São Francisco;9.23;2.7;1366.81
06/08/2024;Rio São Francisco;4.09;38.8;1553.26
07/08/2024;Rio São Francisco;6.33;39;1142.3
08/08/2024;Rio São Francisco;4.48;42.4;1874.09
09/08/2024;Rio São Francisco;9.83;29.7;3716.16
10/08/2024;Rio São Francisco;7.05;1.1;1941.21
11/08/2024;Rio São Francisco;6.65;9.4;3393.15
12/08/2024;Rio São Francisco;6.59;16;3073.63
13/08/2024;Rio São Francisco;8.09;47.7;3611.04
14/08/2024;Rio São Francisco;7.06;31.9;1202.99
15/08/2024;Rio São Francisco;7.43;7.3;4321.99
16/08/2024;Rio São Francisco;9.71;45.6;2798.84
17/08/2024;Rio São Francisco;9.49;30.9;3035.87
18/08/2024;Rio São Francisco;9.77;46.2;3982.02
19/08/2024;Rio São Francisco;8.03;5.6;2110.96
20/08/2024;Rio São Francisco;4.32;36.5;4148.44
21/08/2024;Rio São Francisco;8.56;37.9;4303.8
22/08/2024;Rio São Francisco;4.07;19.3;2721.53
23/08/2024;Rio São Francisco;9.14;38.1;2341.32
24/08/2024;Rio São Francisco;4.39;33.7;2836.91
25/08/2024;Rio São Francisco;7.83;5.9;2640.74
26/08/2024;Rio São Francisco;6.83;4.8;4156.17
27/08/2024;Rio São Francisco;9.54;37.8;2522.77
28/08/2024;Rio São Francisco;8.85;11.2;2317.47
29/08/2024;Rio São Francisco;6.96;8;1525.22
30/08/2024;Rio São Francisco;8.17;7.3;3761.02
31/08/2024;Rio São Francisco;7.04;3.6;4576.68
01/09/2024;Rio São Francisco;8.55;14.4;2507.63
02/09/2024;Rio São Francisco;5.31;43.2;4370.86
03/09/2024;Rio São Francisco;4.88;14;1274.55
04/09/2024;Rio São Francisco;6.9;3.9;1112.54
05/09/2024;Rio São Francisco;5.53;1.5;4982.94
06/09/2024;Rio São Francisco;4.42;39.2;4725.86
07/09/2024;Rio São Francisco;7.32;45.3;2351.19
08/09/2024;Rio São Francisco;6.05;23.2;3290.51
09/09/2024;Rio São Francisco;7.23;31.5;1709.45
10/09/2024;Rio São Francisco;5.48;4.6;2437.22
11/09/2024;Rio São Francisco;7.4;43.4;1513.49
12/09/2024;Rio São Francisco;5.59;16.5;1011.77
13/09/2024;Rio São Francisco;6.48;48.2;3072.52
14/09/2024;Rio São Francisco;5.73;35;3005.12
15/09/2024;Rio São Francisco;7.42;49.3;1490.17
16/09/2024;Rio São Francisco;5.93;11.9;4507.18
17/09/2024;Rio São Francisco;7.95;31.9;4264.42
18/09/2024;Rio São Francisco;9.91;48.8;2774.82
19/09/2024;Rio São Francisco;9.39;5.2;4162.05
20/09/2024;Rio São Francisco;7.67;38.7;1934.65
21/09/2024;Rio São Francisco;8.56;10.9;2944.21
22/09/2024;Rio São Francisco;4.71;2.9;2468.7
23/09/2024;Rio São Francisco;9.09;11.5;2148.7
24/09/2024;Rio São Francisco;5.04;13.1;3735.79
25/09/2024;Rio São Francisco;4.54;24.2;2110.67
26/09/2024;Rio São Francisco;6.72;44.8;3577.69
27/09/2024;Rio São Francisco;8.34;19.1;3152.56
28/09/2024;Rio São Francisco;9.48;39.2;1161.61
29/09/2024;Rio São Francisco;6.73;49.5;1967.91
30/09/2024;Rio São Francisco;4.17;29.6;2731.33
01/10/2024;Rio São Francisco;9.84;13;3820.36
02/10/2024;Rio São Francisco;7.65;20.4;3455.28
03/10/2024;Rio São Francisco;7.59;8.3;4865.63
04/10/2024;Rio São Francisco;7.3;16;1201.38
05/10/2024;Rio São Francisco;4.16;9.3;2912.44
06/10/2024;Rio São Francisco;7.77;46.9;1919.3
07/10/2024;Rio São Francisco;6.39;12.9;3053.54
08/10/2024;Rio São Francisco;5.72;45.9;2247.35
09/10/2024;Rio São Francisco;9.49;13.8;3962.83
10/10/2024;Rio São Francisco;9.59;45.5;2491.47
11/10/2024;Rio São Francisco;7.32;35.7;4298.2
12/10/2024;Rio São Francisco;6.3;8.8;4634.84
13/10/2024;Rio São Francisco;5.64;30.3;1820.27
14/10/2024;Rio São Francisco;8;34.7;3732.15
15/10/2024;Rio São Francisco;7.05;19.3;2952.37
16/10/2024;Rio São Francisco;6.8;45.7;1419.3
17/10/2024;Rio São Francisco;8.56;37.7;2926.49
18/10/2024;Rio São Francisco;7.47;4.9;2135.96
19/10/2024;Rio São Francisco;4.11;20;3562.76
20/10/2024;Rio São Francisco;8.23;48.4;3191.46
21/10/2024;Rio São Francisco;4.83;8.8;2409.96
22/10/2024;Rio São Francisco;7.24;25.7;2870.44
23/10/2024;Rio São Francisco;8.82;13.5;3522.54
24/10/2024;Rio São Francisco;8.81;14.5;3193.95
25/10/2024;Rio São Francisco;5.9;36.1;3948.3
26/10/2024;Rio São Francisco;7.82;37;1726.05
27/10/2024;Rio São Francisco;8.52;20.3;2224.47
28/10/2024;Rio São Francisco;7.46;7.3;2484.3
29/10/2024;Rio São Francisco;7.86;32.2;4052.01
30/10/2024;Rio São Francisco;6.95;0.6;4841.15
31/10/2024;Rio São Francisco;6.59;40.6;2787.82
01/11/2024;Rio São Francisco;5.57;27.9;3407.46
02/11/2024;Rio São Francisco;7.1;23.2;1065.95
03/11/2024;Rio São Francisco;5.5;21.8;1094.92
04/11/2024;Rio São Francisco;7.77;31.8;4380.23
05/11/2024;Rio São Francisco;9.99;3.5;1933.26
06/11/2024;Rio São Francisco;8.27;23;4702.7
07/11/2024;Rio São Francisco;5.41;43.1;3694.66
08/11/2024;Rio São Francisco;6.11;5;2257.47
09/11/2024;Rio São Francisco;7.98;23.3;1340.2
10/11/2024;Rio São Francisco;5.62;4.6;4716.2
11/11/2024;Rio São Francisco;6.72;12.2;1538.8
12/11/2024;Rio São Francisco;5.93;15.8;1680.34
13/11/2024;Rio São Francisco;5.04;39.7;1690.17
14/11/2024;Rio São Francisco;6.91;39.8;4426.89
15/11/2024;Rio São Francisco;5.25;41.7;1175.26
16/11/2024;Rio São Francisco;7.95;5.3;3619.83
17/11/2024;Rio São Francisco;9.39;47.4;4092.47
18/11/2024;Rio São Francisco;6.13;13.6;4592.45
19/11/2024;Rio São Francisco;6.4;14.8;3679.82
20/11/2024;Rio São Francisco;7.26;47.9;4669.54
21/11/2024;Rio São Francisco;6.57;0.2;2913.86
22/11/2024;Rio São Francisco;8.84;36.8;3206.53
23/11/2024;Rio São Francisco;8.18;17.7;4415.9
24/11/2024;Rio São Francisco;9.33;39.2;1162.47
25/11/2024;Rio São Francisco;4.64;24.7;2438.08
26/11/2024;Rio São Francisco;9.99;3.4;3453.93
27/11/2024;Rio São Francisco;9.95;18.3;2611.88
28/11/2024;Rio São Francisco;9.96;41.9;1518.42
29/11/2024;Rio São Francisco;8.6;21.3;3574.96
30/11/2024;Rio São Francisco;7.64;34.2;3237.4
01/12/2024;Rio São Francisco;5.04;18.5;1143.88
02/12/2024;Rio São Francisco;4.89;43.6;2796.38
03/12/2024;Rio São Francisco;9.85;9.8;3577.3
04/12/2024;Rio São Francisco;5.89;9.9;2876.4
05/12/2024;Rio São Francisco;9.42;9;3365.43
06/12/2024;Rio São Francisco;7.72;21.3;3993.58
07/12/2024;Rio São Francisco;6.07;36.2;2820.52
08/12/2024;Rio São Francisco;8.31;32.4;4919.05
09/12/2024;Rio São Francisco;8.05;18.8;2991.27
10/12/2024;Rio São Francisco;8.35;17.1;2326.34
11/12/2024;Rio São Francisco;7.92;37.1;2394.81
12/12/2024;Rio São Francisco;9.15;10.6;2595.24
13/12/2024;Rio São Francisco;7.57;7.9;4798.22
14/12/2024;Rio São Francisco;9.51;5.9;1528.38
15/12/2024;Rio São Francisco;8.16;31.3;3252.34
16/12/2024;Rio São Francisco;5.1;11.3;4818.2
17/12/2024;Rio São Francisco;7.95;16.3;2469.27
18/12/2024;Rio São Francisco;6.91;10;4599.96
19/12/2024;Rio São Francisco;9.78;38.2;1898.02
20/12/2024;Rio São Francisco;7.83;46.9;2773.18
21/12/2024;Rio São Francisco;8.18;2.5;2899.85
22/12/2024;Rio São Francisco;8.8;43.9;3075.9
23/12/2024;Rio São Francisco;5.82;31.6;2288.75
24/12/2024;Rio São Francisco;6.51;49.1;3812.54
25/12/2024;Rio São Francisco;7.43;39.7;2118.21
26/12/2024;Rio São Francisco;9.61;31.3;2380.44
27/12/2024;Rio São Francisco;8.78;20;2234.8
28/12/2024;Rio São Francisco;7.62;42.9;1701.75
29/12/2024;Rio São Francisco;6.72;31.5;4890.5
30/12/2024;Rio São Francisco;5.31;31.8;1216.82
31/12/2024;Rio São Francisco;6.58;13.6;3961.17
